ISO-10303-21;
HEADER;
FILE_DESCRIPTION (( 'STEP AP214' ),
    '1' );
FILE_NAME ('NRJ6HH.STEP',
    '2023-08-18T07:57:59',
    ( '' ),
    ( '' ),
    'SwSTEP 2.0',
    'SolidWorks 2021',
    '' );
FILE_SCHEMA (( 'AUTOMOTIVE_DESIGN' ));
ENDSEC;

DATA;
#1 = ORIENTED_EDGE ( 'NONE', *, *, #924, .F. ) ;
#2 = ORIENTED_EDGE ( 'NONE', *, *, #623, .T. ) ;
#3 = DIRECTION ( 'NONE',  ( 0.000000000000000000, -1.000000000000000000, 0.000000000000000000 ) ) ;
#4 = EDGE_CURVE ( 'NONE', #1367, #468, #1191, .T. ) ;
#5 = AXIS2_PLACEMENT_3D ( 'NONE', #1663, #498, #774 ) ;
#6 = DIRECTION ( 'NONE',  ( 0.000000000000000000, 0.000000000000000000, -1.000000000000000000 ) ) ;
#7 = ORIENTED_EDGE ( 'NONE', *, *, #1131, .T. ) ;
#8 = CARTESIAN_POINT ( 'NONE',  ( 5.100000000000000533, 0.000000000000000000, -15.29999999999999893 ) ) ;
#9 = ORIENTED_EDGE ( 'NONE', *, *, #789, .F. ) ;
#10 = CARTESIAN_POINT ( 'NONE',  ( -6.429999999999999716, 12.69999999999999929, 0.000000000000000000 ) ) ;
#11 = DIRECTION ( 'NONE',  ( 0.000000000000000000, 0.000000000000000000, -1.000000000000000000 ) ) ;
#12 = CARTESIAN_POINT ( 'NONE',  ( 5.100000000000000533, 0.000000000000000000, -12.30000000000000071 ) ) ;
#13 = EDGE_CURVE ( 'NONE', #1435, #1077, #1184, .T. ) ;
#14 = VERTEX_POINT ( 'NONE', #8 ) ;
#15 = VERTEX_POINT ( 'NONE', #955 ) ;
#16 = AXIS2_PLACEMENT_3D ( 'NONE', #897, #664, #749 ) ;
#17 = CARTESIAN_POINT ( 'NONE',  ( 0.000000000000000000, 2.050000000000000266, 4.500000000000000000 ) ) ;
#18 = LINE ( 'NONE', #755, #793 ) ;
#19 = CIRCLE ( 'NONE', #1557, 0.7500000000000006661 ) ;
#20 = EDGE_CURVE ( 'NONE', #509, #109, #1102, .T. ) ;
#21 = DIRECTION ( 'NONE',  ( 0.000000000000000000, -1.000000000000000000, 0.000000000000000000 ) ) ;
#22 = ORIENTED_EDGE ( 'NONE', *, *, #1083, .F. ) ;
#23 = FACE_OUTER_BOUND ( 'NONE', #1438, .T. ) ;
#24 = DIRECTION ( 'NONE',  ( 0.000000000000000000, 0.000000000000000000, 1.000000000000000000 ) ) ;
#25 = EDGE_LOOP ( 'NONE', ( #71, #1047, #891, #1135 ) ) ;
#26 = ADVANCED_FACE ( 'NONE', ( #1357 ), #823, .T. ) ;
#27 = ORIENTED_EDGE ( 'NONE', *, *, #827, .T. ) ;
#28 = LINE ( 'NONE', #594, #438 ) ;
#29 = DIRECTION ( 'NONE',  ( 0.000000000000000000, 0.000000000000000000, 1.000000000000000000 ) ) ;
#30 = EDGE_CURVE ( 'NONE', #1569, #763, #1032, .T. ) ;
#31 = AXIS2_PLACEMENT_3D ( 'NONE', #208, #1245, #1636 ) ;
#32 = DIRECTION ( 'NONE',  ( 0.000000000000000000, 0.000000000000000000, -1.000000000000000000 ) ) ;
#33 = ORIENTED_EDGE ( 'NONE', *, *, #523, .F. ) ;
#34 = SURFACE_SIDE_STYLE ('',( #286 ) ) ;
#35 = DIRECTION ( 'NONE',  ( 0.000000000000000000, -1.000000000000000000, 0.000000000000000000 ) ) ;
#36 = APPLICATION_PROTOCOL_DEFINITION ( 'draft international standard', 'automotive_design', 1998, #888 ) ;
#37 = ORIENTED_EDGE ( 'NONE', *, *, #399, .F. ) ;
#38 = CARTESIAN_POINT ( 'NONE',  ( -6.429999999999999716, 12.69999999999999929, -21.39999999999999858 ) ) ;
#39 = PLANE ( 'NONE',  #250 ) ;
#40 = EDGE_CURVE ( 'NONE', #1378, #541, #1544, .T. ) ;
#41 = DIRECTION ( 'NONE',  ( 0.000000000000000000, -1.000000000000000000, 0.000000000000000000 ) ) ;
#42 = ORIENTED_EDGE ( 'NONE', *, *, #780, .F. ) ;
#43 = CARTESIAN_POINT ( 'NONE',  ( 7.230000000000000426, -2.000000000000000000, -7.450000000000000178 ) ) ;
#44 = CARTESIAN_POINT ( 'NONE',  ( 0.000000000000000000, 9.750000000000000000, -21.22361162513000110 ) ) ;
#45 = DIRECTION ( 'NONE',  ( 0.000000000000000000, 0.000000000000000000, -1.000000000000000000 ) ) ;
#46 = DIRECTION ( 'NONE',  ( 0.000000000000000000, -1.000000000000000000, 0.000000000000000000 ) ) ;
#47 = ADVANCED_FACE ( 'NONE', ( #1110, #450 ), #187, .T. ) ;
#48 = ORIENTED_EDGE ( 'NONE', *, *, #470, .F. ) ;
#49 = CARTESIAN_POINT ( 'NONE',  ( 5.100000000000000533, 0.000000000000000000, -12.30000000000000071 ) ) ;
#50 = DIRECTION ( 'NONE',  ( 0.000000000000000000, 0.000000000000000000, -1.000000000000000000 ) ) ;
#51 = CIRCLE ( 'NONE', #1194, 3.500000000000000444 ) ;
#52 =( NAMED_UNIT ( * ) PLANE_ANGLE_UNIT ( ) SI_UNIT ( $, .RADIAN. ) );
#53 = CIRCLE ( 'NONE', #1427, 0.7499999999999997780 ) ;
#54 = FACE_OUTER_BOUND ( 'NONE', #389, .T. ) ;
#55 = CARTESIAN_POINT ( 'NONE',  ( 9.320000000000000284, 0.000000000000000000, 0.000000000000000000 ) ) ;
#56 = AXIS2_PLACEMENT_3D ( 'NONE', #488, #980, #375 ) ;
#57 = EDGE_LOOP ( 'NONE', ( #101, #391, #1235, #1440 ) ) ;
#58 = CLOSED_SHELL ( 'NONE', ( #1370, #79, #26, #893 ) ) ;
#59 = DIRECTION ( 'NONE',  ( 0.000000000000000000, 0.000000000000000000, -1.000000000000000000 ) ) ;
#60 = EDGE_CURVE ( 'NONE', #1534, #798, #436, .T. ) ;
#61 = VERTEX_POINT ( 'NONE', #1611 ) ;
#62 = CARTESIAN_POINT ( 'NONE',  ( 9.320000000000000284, 12.69999999999999929, 0.000000000000000000 ) ) ;
#63 = DIRECTION ( 'NONE',  ( 0.000000000000000000, 0.000000000000000000, -1.000000000000000000 ) ) ;
#64 = PRODUCT_DEFINITION_SHAPE ( 'NONE', 'NONE',  #1316 ) ;
#65 = EDGE_LOOP ( 'NONE', ( #1428, #1250, #714, #1174 ) ) ;
#66 = LINE ( 'NONE', #961, #393 ) ;
#67 = DIRECTION ( 'NONE',  ( 0.000000000000000000, -1.000000000000000000, 0.000000000000000000 ) ) ;
#68 = EDGE_CURVE ( 'NONE', #1577, #776, #1600, .T. ) ;
#69 = CIRCLE ( 'NONE', #1019, 0.7500000000000006661 ) ;
#70 = DIRECTION ( 'NONE',  ( 0.000000000000000000, -1.000000000000000000, 0.000000000000000000 ) ) ;
#71 = ORIENTED_EDGE ( 'NONE', *, *, #399, .T. ) ;
#72 = FACE_OUTER_BOUND ( 'NONE', #353, .T. ) ;
#73 = LINE ( 'NONE', #471, #972 ) ;
#74 = DIRECTION ( 'NONE',  ( 0.000000000000000000, 0.000000000000000000, -1.000000000000000000 ) ) ;
#75 = ORIENTED_EDGE ( 'NONE', *, *, #1414, .T. ) ;
#76 = ADVANCED_FACE ( 'NONE', ( #575 ), #1597, .T. ) ;
#77 = PRODUCT_DEFINITION_SHAPE ( 'NONE', 'NONE',  #511 ) ;
#78 = DIRECTION ( 'NONE',  ( 0.000000000000000000, -1.000000000000000000, 0.000000000000000000 ) ) ;
#79 = ADVANCED_FACE ( 'NONE', ( #324 ), #584, .T. ) ;
#80 = ORIENTED_EDGE ( 'NONE', *, *, #228, .F. ) ;
#81 = CARTESIAN_POINT ( 'NONE',  ( 3.250000000000000000, 6.500000000000000000, 0.000000000000000000 ) ) ;
#82 = AXIS2_PLACEMENT_3D ( 'NONE', #1326, #1450, #1187 ) ;
#83 = FACE_OUTER_BOUND ( 'NONE', #124, .T. ) ;
#84 = DIRECTION ( 'NONE',  ( 0.000000000000000000, 0.000000000000000000, -1.000000000000000000 ) ) ;
#85 = VERTEX_POINT ( 'NONE', #195 ) ;
#86 = DIRECTION ( 'NONE',  ( 0.000000000000000000, 0.000000000000000000, -1.000000000000000000 ) ) ;
#87 = FILL_AREA_STYLE ('',( #587 ) ) ;
#88 = EDGE_CURVE ( 'NONE', #1493, #919, #949, .T. ) ;
#89 = CARTESIAN_POINT ( 'NONE',  ( -4.200000000000000178, 0.000000000000000000, -11.35000000000000142 ) ) ;
#90 = DIRECTION ( 'NONE',  ( 0.000000000000000000, 0.000000000000000000, 1.000000000000000000 ) ) ;
#91 = DIRECTION ( 'NONE',  ( 0.000000000000000000, -0.000000000000000000, -1.000000000000000000 ) ) ;
#92 = AXIS2_PLACEMENT_3D ( 'NONE', #1190, #1436, #192 ) ;
#93 = AXIS2_PLACEMENT_3D ( 'NONE', #1375, #1124, #360 ) ;
#94 = AXIS2_PLACEMENT_3D ( 'NONE', #732, #1670, #505 ) ;
#95 = PLANE ( 'NONE',  #992 ) ;
#96 =( LENGTH_UNIT ( ) NAMED_UNIT ( * ) SI_UNIT ( .MILLI., .METRE. ) );
#97 = LINE ( 'NONE', #1626, #1322 ) ;
#98 = EDGE_CURVE ( 'NONE', #896, #1521, #593, .T. ) ;
#99 = DIRECTION ( 'NONE',  ( 1.000000000000000000, 0.000000000000000000, 0.000000000000000000 ) ) ;
#100 = CARTESIAN_POINT ( 'NONE',  ( -6.429999999999999716, 0.000000000000000000, -21.39999999999999858 ) ) ;
#101 = ORIENTED_EDGE ( 'NONE', *, *, #710, .T. ) ;
#102 =( NAMED_UNIT ( * ) SI_UNIT ( $, .STERADIAN. ) SOLID_ANGLE_UNIT ( ) );
#103 = AXIS2_PLACEMENT_3D ( 'NONE', #1042, #637, #502 ) ;
#104 = AXIS2_PLACEMENT_3D ( 'NONE', #971, #429, #164 ) ;
#105 = DIRECTION ( 'NONE',  ( 0.000000000000000000, 0.000000000000000000, 1.000000000000000000 ) ) ;
#106 = DIRECTION ( 'NONE',  ( 0.000000000000000000, 1.000000000000000000, 0.000000000000000000 ) ) ;
#107 = DIRECTION ( 'NONE',  ( 0.000000000000000000, 0.000000000000000000, -1.000000000000000000 ) ) ;
#108 = ADVANCED_FACE ( 'NONE', ( #817 ), #689, .T. ) ;
#109 = VERTEX_POINT ( 'NONE', #1488 ) ;
#110 = FILL_AREA_STYLE ('',( #752 ) ) ;
#111 = DIRECTION ( 'NONE',  ( 0.000000000000000000, 0.000000000000000000, 1.000000000000000000 ) ) ;
#112 = DIRECTION ( 'NONE',  ( 0.000000000000000000, 0.000000000000000000, -1.000000000000000000 ) ) ;
#113 = CARTESIAN_POINT ( 'NONE',  ( 3.250000000000000000, 6.500000000000000000, 0.000000000000000000 ) ) ;
#114 = ADVANCED_BREP_SHAPE_REPRESENTATION ( '', ( #513, #1091, #1081, #1085, #506, #1623, #1635, #1074, #5 ), #1514 ) ;
#115 = ADVANCED_FACE ( 'NONE', ( #1605 ), #332, .T. ) ;
#116 = DIRECTION ( 'NONE',  ( 0.000000000000000000, 1.000000000000000000, 0.000000000000000000 ) ) ;
#117 = ORIENTED_EDGE ( 'NONE', *, *, #422, .T. ) ;
#118 = AXIS2_PLACEMENT_3D ( 'NONE', #1280, #892, #130 ) ;
#119 = AXIS2_PLACEMENT_3D ( 'NONE', #100, #882, #639 ) ;
#120 =( GEOMETRIC_REPRESENTATION_CONTEXT ( 3 ) GLOBAL_UNCERTAINTY_ASSIGNED_CONTEXT ( ( #574 ) ) GLOBAL_UNIT_ASSIGNED_CONTEXT ( ( #296, #1595, #707 ) ) REPRESENTATION_CONTEXT ( 'NONE', 'WORKASPACE' ) );
#121 = LINE ( 'NONE', #1163, #1499 ) ;
#122 = EDGE_LOOP ( 'NONE', ( #1638, #308 ) ) ;
#123 = DIRECTION ( 'NONE',  ( 0.000000000000000000, 0.000000000000000000, 1.000000000000000000 ) ) ;
#124 = EDGE_LOOP ( 'NONE', ( #761, #634 ) ) ;
#125 = ORIENTED_EDGE ( 'NONE', *, *, #922, .F. ) ;
#126 = AXIS2_PLACEMENT_3D ( 'NONE', #321, #183, #677 ) ;
#127 = CARTESIAN_POINT ( 'NONE',  ( 0.000000000000000000, 6.500000000000000000, 10.56000000000000050 ) ) ;
#128 = CIRCLE ( 'NONE', #355, 0.7500000000000006661 ) ;
#129 = ORIENTED_EDGE ( 'NONE', *, *, #1467, .T. ) ;
#130 = DIRECTION ( 'NONE',  ( 0.000000000000000000, 0.000000000000000000, -1.000000000000000000 ) ) ;
#131 = ORIENTED_EDGE ( 'NONE', *, *, #1495, .T. ) ;
#132 = AXIS2_PLACEMENT_3D ( 'NONE', #1364, #702, #1369 ) ;
#133 = ORIENTED_EDGE ( 'NONE', *, *, #1239, .T. ) ;
#134 = DIRECTION ( 'NONE',  ( 0.000000000000000000, 1.000000000000000000, 0.000000000000000000 ) ) ;
#135 = ADVANCED_FACE ( 'NONE', ( #696 ), #444, .T. ) ;
#136 = ORIENTED_EDGE ( 'NONE', *, *, #40, .F. ) ;
#137 = CARTESIAN_POINT ( 'NONE',  ( -4.200000000000000178, 0.000000000000000000, -8.449999999999999289 ) ) ;
#138 = VERTEX_POINT ( 'NONE', #937 ) ;
#139 = CIRCLE ( 'NONE', #365, 0.7500000000000006661 ) ;
#140 = DIRECTION ( 'NONE',  ( 1.000000000000000000, 0.000000000000000000, 0.000000000000000000 ) ) ;
#141 = ORIENTED_EDGE ( 'NONE', *, *, #655, .T. ) ;
#142 = CARTESIAN_POINT ( 'NONE',  ( -4.200000000000000178, -4.000000000000000000, -16.19999999999999929 ) ) ;
#143 = CARTESIAN_POINT ( 'NONE',  ( 7.230000000000000426, -4.000000000000000000, -17.69999999999999929 ) ) ;
#144 = AXIS2_PLACEMENT_3D ( 'NONE', #1649, #1506, #348 ) ;
#145 = AXIS2_PLACEMENT_3D ( 'NONE', #1461, #697, #1222 ) ;
#146 = ORIENTED_EDGE ( 'NONE', *, *, #1296, .F. ) ;
#147 = DIRECTION ( 'NONE',  ( 0.000000000000000000, 0.000000000000000000, -1.000000000000000000 ) ) ;
#148 = EDGE_CURVE ( 'NONE', #855, #412, #1305, .T. ) ;
#149 = VERTEX_POINT ( 'NONE', #1518 ) ;
#150 = EDGE_CURVE ( 'NONE', #1421, #773, #913, .T. ) ;
#151 = APPLICATION_PROTOCOL_DEFINITION ( 'draft international standard', 'automotive_design', 1998, #579 ) ;
#152 = ORIENTED_EDGE ( 'NONE', *, *, #1354, .T. ) ;
#153 = CARTESIAN_POINT ( 'NONE',  ( -4.200000000000000178, -2.000000000000000000, -8.449999999999999289 ) ) ;
#154 = DIRECTION ( 'NONE',  ( 0.000000000000000000, -1.000000000000000000, 0.000000000000000000 ) ) ;
#155 = CARTESIAN_POINT ( 'NONE',  ( 9.320000000000000284, 0.000000000000000000, -21.39999999999999858 ) ) ;
#156 = STYLED_ITEM ( 'NONE', ( #1284 ), #114 ) ;
#157 = ORIENTED_EDGE ( 'NONE', *, *, #328, .T. ) ;
#158 =( NAMED_UNIT ( * ) SI_UNIT ( $, .STERADIAN. ) SOLID_ANGLE_UNIT ( ) );
#159 = AXIS2_PLACEMENT_3D ( 'NONE', #1208, #41, #1482 ) ;
#160 = ADVANCED_FACE ( 'NONE', ( #1252 ), #1535, .T. ) ;
#161 = COLOUR_RGB ( '',0.7921568627450980005, 0.8196078431372548767, 0.9333333333333333481 ) ;
#162 = EDGE_CURVE ( 'NONE', #722, #1459, #628, .T. ) ;
#163 = EDGE_LOOP ( 'NONE', ( #385, #406, #1352, #141 ) ) ;
#164 = DIRECTION ( 'NONE',  ( 0.000000000000000000, 0.000000000000000000, -1.000000000000000000 ) ) ;
#165 = PLANE ( 'NONE',  #1658 ) ;
#166 = VECTOR ( 'NONE', #565, 1000.000000000000000 ) ;
#167 = CARTESIAN_POINT ( 'NONE',  ( -6.429999999999999716, 0.000000000000000000, -21.39999999999999858 ) ) ;
#168 = VERTEX_POINT ( 'NONE', #1650 ) ;
#169 = DIRECTION ( 'NONE',  ( 0.000000000000000000, 0.000000000000000000, 1.000000000000000000 ) ) ;
#170 = ITEM_DEFINED_TRANSFORMATION ( 'NONE', 'NONE', #570,  #5 ) ;
#171 = ORIENTED_EDGE ( 'NONE', *, *, #1161, .F. ) ;
#172 = DIRECTION ( 'NONE',  ( 0.000000000000000000, 0.000000000000000000, 1.000000000000000000 ) ) ;
#173 = EDGE_CURVE ( 'NONE', #1129, #1209, #782, .T. ) ;
#174 = CARTESIAN_POINT ( 'NONE',  ( 9.320000000000000284, 12.69999999999999929, 0.000000000000000000 ) ) ;
#175 = CIRCLE ( 'NONE', #1288, 3.250000000000000444 ) ;
#176 = VERTEX_POINT ( 'NONE', #609 ) ;
#177 = SURFACE_STYLE_FILL_AREA ( #1617 ) ;
#178 = UNCERTAINTY_MEASURE_WITH_UNIT (LENGTH_MEASURE( 1.000000000000000082E-05 ), #1639, 'distance_accuracy_value', 'NONE');
#179 = DIRECTION ( 'NONE',  ( 0.000000000000000000, 0.000000000000000000, -1.000000000000000000 ) ) ;
#180 = CARTESIAN_POINT ( 'NONE',  ( 10.60000000000000142, 0.000000000000000000, 1.514999999999996350 ) ) ;
#181 = EDGE_LOOP ( 'NONE', ( #1594, #589, #728, #1 ) ) ;
#182 = DIRECTION ( 'NONE',  ( 0.000000000000000000, 0.000000000000000000, -1.000000000000000000 ) ) ;
#183 = DIRECTION ( 'NONE',  ( 0.000000000000000000, 0.000000000000000000, -1.000000000000000000 ) ) ;
#184 = EDGE_CURVE ( 'NONE', #1295, #274, #480, .T. ) ;
#185 = ORIENTED_EDGE ( 'NONE', *, *, #246, .F. ) ;
#186 = CARTESIAN_POINT ( 'NONE',  ( 9.320000000000000284, 0.000000000000000000, 0.000000000000000000 ) ) ;
#187 = PLANE ( 'NONE',  #132 ) ;
#188 = STYLED_ITEM ( 'NONE', ( #1389 ), #1074 ) ;
#189 = CARTESIAN_POINT ( 'NONE',  ( -3.250000000000000000, 6.500000000000000000, -21.22361162513000110 ) ) ;
#190 = CARTESIAN_POINT ( 'NONE',  ( 7.230000000000000426, 0.000000000000000000, -5.000000000000000000 ) ) ;
#191 = ORIENTED_EDGE ( 'NONE', *, *, #605, .F. ) ;
#192 = DIRECTION ( 'NONE',  ( 0.000000000000000000, 1.000000000000000000, 0.000000000000000000 ) ) ;
#193 = ADVANCED_FACE ( 'NONE', ( #1133 ), #361, .T. ) ;
#194 = UNCERTAINTY_MEASURE_WITH_UNIT (LENGTH_MEASURE( 1.000000000000000082E-05 ), #371, 'distance_accuracy_value', 'NONE');
#195 = CARTESIAN_POINT ( 'NONE',  ( -4.200000000000000178, 0.000000000000000000, -17.69999999999999929 ) ) ;
#196 = SURFACE_STYLE_USAGE ( .BOTH. , #834 ) ;
#197 = ORIENTED_EDGE ( 'NONE', *, *, #1257, .T. ) ;
#198 = CARTESIAN_POINT ( 'NONE',  ( -4.200000000000000178, -4.000000000000000000, -17.69999999999999929 ) ) ;
#199 = SHAPE_REPRESENTATION ( 'NRJ6HH_NRJ6HH', ( #5 ), #1514 ) ;
#200 =( REPRESENTATION_RELATIONSHIP ('NONE','NONE', #1477, #199 ) REPRESENTATION_RELATIONSHIP_WITH_TRANSFORMATION ( #170 )SHAPE_REPRESENTATION_RELATIONSHIP( ) );
#201 = VECTOR ( 'NONE', #237, 1000.000000000000000 ) ;
#202 = EDGE_CURVE ( 'NONE', #1312, #792, #439, .T. ) ;
#203 = DIRECTION ( 'NONE',  ( 0.000000000000000000, 0.000000000000000000, -1.000000000000000000 ) ) ;
#204 = DIRECTION ( 'NONE',  ( 0.000000000000000000, 0.000000000000000000, -1.000000000000000000 ) ) ;
#205 = SURFACE_SIDE_STYLE ('',( #1128 ) ) ;
#206 = ORIENTED_EDGE ( 'NONE', *, *, #202, .T. ) ;
#207 = CARTESIAN_POINT ( 'NONE',  ( 7.230000000000000426, -2.000000000000000000, -6.450000000000000178 ) ) ;
#208 = CARTESIAN_POINT ( 'NONE',  ( 0.000000000000000000, 6.500000000000000000, 8.900000000000000355 ) ) ;
#209 = CARTESIAN_POINT ( 'NONE',  ( -4.200000000000000178, 0.000000000000000000, -4.250000000000000000 ) ) ;
#210 = ORIENTED_EDGE ( 'NONE', *, *, #1532, .F. ) ;
#211 = PRODUCT ( 'NRJ6HH', 'NRJ6HH', '', ( #437 ) ) ;
#212 = EDGE_CURVE ( 'NONE', #138, #1574, #384, .T. ) ;
#213 = ORIENTED_EDGE ( 'NONE', *, *, #1406, .F. ) ;
#214 = CARTESIAN_POINT ( 'NONE',  ( 5.100000000000000533, 0.000000000000000000, -13.79999999999999893 ) ) ;
#215 = CIRCLE ( 'NONE', #1306, 3.250000000000000000 ) ;
#216 = DIRECTION ( 'NONE',  ( 0.000000000000000000, -1.000000000000000000, 0.000000000000000000 ) ) ;
#217 = CARTESIAN_POINT ( 'NONE',  ( 7.230000000000000426, 0.000000000000000000, -3.500000000000000000 ) ) ;
#218 = FILL_AREA_STYLE_COLOUR ( '', #986 ) ;
#219 = ADVANCED_FACE ( 'NONE', ( #881 ), #1527, .T. ) ;
#220 = ORIENTED_EDGE ( 'NONE', *, *, #268, .T. ) ;
#221 = DIRECTION ( 'NONE',  ( 0.000000000000000000, 0.000000000000000000, -1.000000000000000000 ) ) ;
#222 = DIRECTION ( 'NONE',  ( 0.000000000000000000, 1.000000000000000000, 0.000000000000000000 ) ) ;
#223 = CARTESIAN_POINT ( 'NONE',  ( 0.000000000000000000, 6.500000000000000000, 10.56000000000000050 ) ) ;
#224 = STYLED_ITEM ( 'NONE', ( #424 ), #513 ) ;
#225 = EDGE_LOOP ( 'NONE', ( #611, #903, #460, #545 ) ) ;
#226 = DIRECTION ( 'NONE',  ( 0.000000000000000000, -1.000000000000000000, 0.000000000000000000 ) ) ;
#227 = FILL_AREA_STYLE ('',( #1396 ) ) ;
#228 = EDGE_CURVE ( 'NONE', #769, #468, #1276, .T. ) ;
#229 = LINE ( 'NONE', #615, #1046 ) ;
#230 = EDGE_CURVE ( 'NONE', #722, #1459, #753, .T. ) ;
#231 = PLANE ( 'NONE',  #1341 ) ;
#232 = FACE_OUTER_BOUND ( 'NONE', #736, .T. ) ;
#233 = EDGE_LOOP ( 'NONE', ( #703, #607, #37, #860 ) ) ;
#234 = SHAPE_REPRESENTATION_RELATIONSHIP ( 'NONE' , 'NONE' ,  #199, #114 ) ;
#235 = FACE_OUTER_BOUND ( 'NONE', #1641, .T. ) ;
#236 = PRESENTATION_LAYER_ASSIGNMENT (  '', '', ( #188 ) ) ;
#237 = DIRECTION ( 'NONE',  ( -1.000000000000000000, 0.000000000000000000, 0.000000000000000000 ) ) ;
#238 = ORIENTED_EDGE ( 'NONE', *, *, #1296, .T. ) ;
#239 = CARTESIAN_POINT ( 'NONE',  ( 0.000000000000000000, 6.500000000000000000, 8.400000000000000355 ) ) ;
#240 = EDGE_CURVE ( 'NONE', #329, #1160, #73, .T. ) ;
#241 = LINE ( 'NONE', #1253, #459 ) ;
#242 = CARTESIAN_POINT ( 'NONE',  ( 0.000000000000000000, 3.250000000000000000, -21.22361162513000110 ) ) ;
#243 = CARTESIAN_POINT ( 'NONE',  ( -4.200000000000000178, -4.000000000000000000, -16.94999999999999929 ) ) ;
#244 = ADVANCED_FACE ( 'NONE', ( #83 ), #231, .T. ) ;
#245 = ORIENTED_EDGE ( 'NONE', *, *, #837, .T. ) ;
#246 = EDGE_CURVE ( 'NONE', #271, #678, #1392, .T. ) ;
#247 = ORIENTED_EDGE ( 'NONE', *, *, #1377, .F. ) ;
#248 = CIRCLE ( 'NONE', #118, 1.499999999999999556 ) ;
#249 = AXIS2_PLACEMENT_3D ( 'NONE', #1664, #226, #500 ) ;
#250 = AXIS2_PLACEMENT_3D ( 'NONE', #1353, #1336, #182 ) ;
#251 = DIRECTION ( 'NONE',  ( 0.000000000000000000, -1.000000000000000000, 0.000000000000000000 ) ) ;
#252 = EDGE_LOOP ( 'NONE', ( #757, #213, #1463, #720 ) ) ;
#253 = CARTESIAN_POINT ( 'NONE',  ( 7.230000000000000426, 0.000000000000000000, -6.450000000000000178 ) ) ;
#254 = EDGE_LOOP ( 'NONE', ( #455, #1444, #1186, #400, #1659, #1311, #1098, #917 ) ) ;
#255 = CARTESIAN_POINT ( 'NONE',  ( 0.000000000000000000, 6.500000000000000000, 0.000000000000000000 ) ) ;
#256 = EDGE_LOOP ( 'NONE', ( #803, #750, #347, #392 ) ) ;
#257 = FILL_AREA_STYLE_COLOUR ( '', #1627 ) ;
#258 = EDGE_CURVE ( 'NONE', #1534, #1283, #1667, .T. ) ;
#259 = AXIS2_PLACEMENT_3D ( 'NONE', #1234, #539, #32 ) ;
#260 =( GEOMETRIC_REPRESENTATION_CONTEXT ( 3 ) GLOBAL_UNCERTAINTY_ASSIGNED_CONTEXT ( ( #1182 ) ) GLOBAL_UNIT_ASSIGNED_CONTEXT ( ( #566, #52, #1232 ) ) REPRESENTATION_CONTEXT ( 'NONE', 'WORKASPACE' ) );
#261 = DIRECTION ( 'NONE',  ( 0.000000000000000000, -1.000000000000000000, 0.000000000000000000 ) ) ;
#262 = CARTESIAN_POINT ( 'NONE',  ( 0.000000000000000000, 6.500000000000000000, -23.09999999999999787 ) ) ;
#263 = CIRCLE ( 'NONE', #1408, 0.7500000000000006661 ) ;
#264 = DIRECTION ( 'NONE',  ( 0.000000000000000000, 0.000000000000000000, 1.000000000000000000 ) ) ;
#265 = AXIS2_PLACEMENT_3D ( 'NONE', #1472, #1238, #1480 ) ;
#266 =( NAMED_UNIT ( * ) SI_UNIT ( $, .STERADIAN. ) SOLID_ANGLE_UNIT ( ) );
#267 = ORIENTED_EDGE ( 'NONE', *, *, #827, .F. ) ;
#268 = EDGE_CURVE ( 'NONE', #527, #1203, #739, .T. ) ;
#269 = CLOSED_SHELL ( 'NONE', ( #935, #115, #616, #1181 ) ) ;
#270 = CARTESIAN_POINT ( 'NONE',  ( -6.429999999999999716, 0.000000000000000000, -21.39999999999999858 ) ) ;
#271 = VERTEX_POINT ( 'NONE', #1565 ) ;
#272 = LINE ( 'NONE', #137, #738 ) ;
#273 = CONICAL_SURFACE ( 'NONE', #1439, 1.625000000000000666, 1.047197551196400456 ) ;
#274 = VERTEX_POINT ( 'NONE', #1291 ) ;
#275 = MECHANICAL_DESIGN_GEOMETRIC_PRESENTATION_REPRESENTATION (  '', ( #338 ), #1609 ) ;
#276 = PRODUCT_CONTEXT ( 'NONE', #1192, 'mechanical' ) ;
#277 = ORIENTED_EDGE ( 'NONE', *, *, #1093, .F. ) ;
#278 = DIRECTION ( 'NONE',  ( 0.000000000000000000, 0.000000000000000000, 1.000000000000000000 ) ) ;
#279 = PLANE ( 'NONE',  #1104 ) ;
#280 = CIRCLE ( 'NONE', #1351, 0.7500000000000006661 ) ;
#281 = DIRECTION ( 'NONE',  ( 1.000000000000000000, 0.000000000000000000, 0.000000000000000000 ) ) ;
#282 = PRODUCT_RELATED_PRODUCT_CATEGORY ( 'part', '', ( #1481 ) ) ;
#283 = AXIS2_PLACEMENT_3D ( 'NONE', #1146, #1657, #1485 ) ;
#284 = AXIS2_PLACEMENT_3D ( 'NONE', #1388, #886, #758 ) ;
#285 = EDGE_LOOP ( 'NONE', ( #247, #191 ) ) ;
#286 = SURFACE_STYLE_FILL_AREA ( #969 ) ;
#287 = EDGE_CURVE ( 'NONE', #901, #1449, #1153, .T. ) ;
#288 = EDGE_LOOP ( 'NONE', ( #157, #1515, #277, #1123 ) ) ;
#289 = DIRECTION ( 'NONE',  ( 1.000000000000000000, 0.000000000000000000, 0.000000000000000000 ) ) ;
#290 = ORIENTED_EDGE ( 'NONE', *, *, #1433, .T. ) ;
#291 = DIRECTION ( 'NONE',  ( 0.000000000000000000, 0.000000000000000000, -1.000000000000000000 ) ) ;
#292 = LINE ( 'NONE', #1207, #1582 ) ;
#293 = PLANE ( 'NONE',  #435 ) ;
#294 = AXIS2_PLACEMENT_3D ( 'NONE', #985, #1504, #1365 ) ;
#295 = ORIENTED_EDGE ( 'NONE', *, *, #514, .T. ) ;
#296 =( LENGTH_UNIT ( ) NAMED_UNIT ( * ) SI_UNIT ( .MILLI., .METRE. ) );
#297 = CARTESIAN_POINT ( 'NONE',  ( -4.200000000000000178, -2.000000000000000000, -7.450000000000000178 ) ) ;
#298 = TOROIDAL_SURFACE ( 'NONE', #126, 4.150000000000000355, 0.2999999999999999889 ) ;
#299 = EDGE_CURVE ( 'NONE', #468, #1602, #1372, .T. ) ;
#300 = PRODUCT_DEFINITION_CONTEXT ( 'detailed design', #640, 'design' ) ;
#301 = DIRECTION ( 'NONE',  ( 0.000000000000000000, -1.000000000000000000, 0.000000000000000000 ) ) ;
#302 = CARTESIAN_POINT ( 'NONE',  ( 7.230000000000000426, 0.000000000000000000, -10.59999999999999964 ) ) ;
#303 = VECTOR ( 'NONE', #3, 1000.000000000000000 ) ;
#304 = DIRECTION ( 'NONE',  ( 0.000000000000000000, -1.000000000000000000, 0.000000000000000000 ) ) ;
#305 = VECTOR ( 'NONE', #1147, 1000.000000000000000 ) ;
#306 = DIRECTION ( 'NONE',  ( 0.000000000000000000, -1.000000000000000000, 0.000000000000000000 ) ) ;
#307 = DIRECTION ( 'NONE',  ( 0.000000000000000000, 0.000000000000000000, -1.000000000000000000 ) ) ;
#308 = ORIENTED_EDGE ( 'NONE', *, *, #872, .F. ) ;
#309 = DIRECTION ( 'NONE',  ( 0.000000000000000000, 0.000000000000000000, -1.000000000000000000 ) ) ;
#310 = DIRECTION ( 'NONE',  ( 0.000000000000000000, -1.000000000000000000, 0.000000000000000000 ) ) ;
#311 = ORIENTED_EDGE ( 'NONE', *, *, #965, .T. ) ;
#312 = FACE_OUTER_BOUND ( 'NONE', #233, .T. ) ;
#313 = EDGE_CURVE ( 'NONE', #1569, #1127, #272, .T. ) ;
#314 = DIRECTION ( 'NONE',  ( 0.000000000000000000, 1.000000000000000000, 0.000000000000000000 ) ) ;
#315 = ORIENTED_EDGE ( 'NONE', *, *, #501, .T. ) ;
#316 = DIRECTION ( 'NONE',  ( 0.000000000000000000, 1.000000000000000000, 0.000000000000000000 ) ) ;
#317 = CIRCLE ( 'NONE', #989, 3.500000000000000444 ) ;
#318 = DIRECTION ( 'NONE',  ( 0.000000000000000000, 0.000000000000000000, 1.000000000000000000 ) ) ;
#319 = DIRECTION ( 'NONE',  ( 0.000000000000000000, -0.000000000000000000, -1.000000000000000000 ) ) ;
#320 = EDGE_CURVE ( 'NONE', #581, #1160, #280, .T. ) ;
#321 = CARTESIAN_POINT ( 'NONE',  ( 0.000000000000000000, 6.500000000000000000, 8.599999999999999645 ) ) ;
#322 = VERTEX_POINT ( 'NONE', #262 ) ;
#323 = DIRECTION ( 'NONE',  ( 0.000000000000000000, -1.000000000000000000, 0.000000000000000000 ) ) ;
#324 = FACE_OUTER_BOUND ( 'NONE', #1215, .T. ) ;
#325 = STYLED_ITEM ( 'NONE', ( #713 ), #1081 ) ;
#326 =( NAMED_UNIT ( * ) PLANE_ANGLE_UNIT ( ) SI_UNIT ( $, .RADIAN. ) );
#327 = CARTESIAN_POINT ( 'NONE',  ( -6.429999999999999716, 0.000000000000000000, 0.000000000000000000 ) ) ;
#328 = EDGE_CURVE ( 'NONE', #478, #910, #1175, .T. ) ;
#329 = VERTEX_POINT ( 'NONE', #1035 ) ;
#330 = FACE_OUTER_BOUND ( 'NONE', #1576, .T. ) ;
#331 = EDGE_CURVE ( 'NONE', #769, #1602, #1587, .T. ) ;
#332 = CYLINDRICAL_SURFACE ( 'NONE', #1520, 1.499999999999999556 ) ;
#333 = DIRECTION ( 'NONE',  ( 0.000000000000000000, 0.000000000000000000, -1.000000000000000000 ) ) ;
#334 = PRESENTATION_STYLE_ASSIGNMENT (( #983 ) ) ;
#335 =( NAMED_UNIT ( * ) PLANE_ANGLE_UNIT ( ) SI_UNIT ( $, .RADIAN. ) );
#336 = ORIENTED_EDGE ( 'NONE', *, *, #150, .F. ) ;
#337 = FACE_BOUND ( 'NONE', #1363, .T. ) ;
#338 = STYLED_ITEM ( 'NONE', ( #334 ), #1623 ) ;
#339 = DIRECTION ( 'NONE',  ( 0.000000000000000000, 0.000000000000000000, -1.000000000000000000 ) ) ;
#340 = ADVANCED_FACE ( 'NONE', ( #649 ), #1165, .F. ) ;
#341 = CYLINDRICAL_SURFACE ( 'NONE', #1226, 4.450000000000000178 ) ;
#342 = AXIS2_PLACEMENT_3D ( 'NONE', #1385, #216, #90 ) ;
#343 = AXIS2_PLACEMENT_3D ( 'NONE', #297, #306, #597 ) ;
#344 = ORIENTED_EDGE ( 'NONE', *, *, #13, .F. ) ;
#345 = SURFACE_STYLE_FILL_AREA ( #1500 ) ;
#346 = DIRECTION ( 'NONE',  ( 0.000000000000000000, 0.000000000000000000, -1.000000000000000000 ) ) ;
#347 = ORIENTED_EDGE ( 'NONE', *, *, #60, .F. ) ;
#348 = DIRECTION ( 'NONE',  ( 0.000000000000000000, -1.000000000000000000, 0.000000000000000000 ) ) ;
#349 = DIRECTION ( 'NONE',  ( 0.000000000000000000, 0.000000000000000000, -1.000000000000000000 ) ) ;
#350 = CARTESIAN_POINT ( 'NONE',  ( 7.230000000000000426, 0.000000000000000000, -16.19999999999999929 ) ) ;
#351 = ADVANCED_FACE ( 'NONE', ( #1310, #405 ), #926, .F. ) ;
#352 = AXIS2_PLACEMENT_3D ( 'NONE', #1568, #536, #1097 ) ;
#353 = EDGE_LOOP ( 'NONE', ( #869, #1552, #663, #927 ) ) ;
#354 = FACE_OUTER_BOUND ( 'NONE', #1564, .T. ) ;
#355 = AXIS2_PLACEMENT_3D ( 'NONE', #1599, #561, #1200 ) ;
#356 = DIRECTION ( 'NONE',  ( 0.000000000000000000, 0.000000000000000000, 1.000000000000000000 ) ) ;
#357 = CARTESIAN_POINT ( 'NONE',  ( 0.000000000000000000, 6.500000000000000000, -21.39999999999999858 ) ) ;
#358 = ORIENTED_EDGE ( 'NONE', *, *, #514, .F. ) ;
#359 = AXIS2_PLACEMENT_3D ( 'NONE', #1456, #810, #723 ) ;
#360 = DIRECTION ( 'NONE',  ( 0.000000000000000000, 0.000000000000000000, -1.000000000000000000 ) ) ;
#361 = PLANE ( 'NONE',  #56 ) ;
#362 = LINE ( 'NONE', #350, #779 ) ;
#363 = CARTESIAN_POINT ( 'NONE',  ( 7.230000000000000426, 0.000000000000000000, -7.450000000000000178 ) ) ;
#364 = EDGE_CURVE ( 'NONE', #535, #1072, #843, .T. ) ;
#365 = AXIS2_PLACEMENT_3D ( 'NONE', #1240, #1491, #475 ) ;
#366 = CARTESIAN_POINT ( 'NONE',  ( -6.429999999999999716, 0.000000000000000000, -21.39999999999999858 ) ) ;
#367 = DIRECTION ( 'NONE',  ( 0.000000000000000000, -1.000000000000000000, 0.000000000000000000 ) ) ;
#368 = DIRECTION ( 'NONE',  ( 0.000000000000000000, -1.000000000000000000, 0.000000000000000000 ) ) ;
#369 = AXIS2_PLACEMENT_3D ( 'NONE', #1180, #504, #1063 ) ;
#370 = ORIENTED_EDGE ( 'NONE', *, *, #683, .F. ) ;
#371 =( LENGTH_UNIT ( ) NAMED_UNIT ( * ) SI_UNIT ( .MILLI., .METRE. ) );
#372 = CIRCLE ( 'NONE', #644, 4.150000000000000355 ) ;
#373 = CARTESIAN_POINT ( 'NONE',  ( -4.200000000000000178, -4.000000000000000000, -3.500000000000000000 ) ) ;
#374 = ORIENTED_EDGE ( 'NONE', *, *, #1406, .T. ) ;
#375 = DIRECTION ( 'NONE',  ( 0.000000000000000000, 0.000000000000000000, 1.000000000000000000 ) ) ;
#376 = FACE_OUTER_BOUND ( 'NONE', #1290, .T. ) ;
#377 = CARTESIAN_POINT ( 'NONE',  ( -4.200000000000000178, -4.000000000000000000, -11.35000000000000142 ) ) ;
#378 =( GEOMETRIC_REPRESENTATION_CONTEXT ( 3 ) GLOBAL_UNCERTAINTY_ASSIGNED_CONTEXT ( ( #194 ) ) GLOBAL_UNIT_ASSIGNED_CONTEXT ( ( #371, #1177, #266 ) ) REPRESENTATION_CONTEXT ( 'NONE', 'WORKASPACE' ) );
#379 = CARTESIAN_POINT ( 'NONE',  ( 0.000000000000000000, 0.9000000000000000222, 3.836047190432000153 ) ) ;
#380 = DIRECTION ( 'NONE',  ( 0.000000000000000000, -0.000000000000000000, -1.000000000000000000 ) ) ;
#381 = EDGE_CURVE ( 'NONE', #409, #1412, #617, .T. ) ;
#382 = DIRECTION ( 'NONE',  ( -1.000000000000000000, 0.000000000000000000, 0.000000000000000000 ) ) ;
#383 = VECTOR ( 'NONE', #74, 1000.000000000000000 ) ;
#384 = CIRCLE ( 'NONE', #1061, 0.7500000000000006661 ) ;
#385 = ORIENTED_EDGE ( 'NONE', *, *, #173, .T. ) ;
#386 = EDGE_LOOP ( 'NONE', ( #645, #1631 ) ) ;
#387 = SURFACE_STYLE_FILL_AREA ( #110 ) ;
#388 = CARTESIAN_POINT ( 'NONE',  ( -4.200000000000000178, -4.000000000000000000, -4.250000000000000000 ) ) ;
#389 = EDGE_LOOP ( 'NONE', ( #311, #1484, #129, #1317 ) ) ;
#390 = DIRECTION ( 'NONE',  ( 1.000000000000000000, 0.000000000000000000, 0.000000000000000000 ) ) ;
#391 = ORIENTED_EDGE ( 'NONE', *, *, #1454, .T. ) ;
#392 = ORIENTED_EDGE ( 'NONE', *, *, #258, .T. ) ;
#393 = VECTOR ( 'NONE', #323, 1000.000000000000000 ) ;
#394 = VECTOR ( 'NONE', #873, 1000.000000000000000 ) ;
#395 = CYLINDRICAL_SURFACE ( 'NONE', #1648, 5.599999999999999645 ) ;
#396 = CARTESIAN_POINT ( 'NONE',  ( 0.000000000000000000, 10.94999999999999929, 8.599999999999999645 ) ) ;
#397 = UNCERTAINTY_MEASURE_WITH_UNIT (LENGTH_MEASURE( 1.000000000000000082E-05 ), #96, 'distance_accuracy_value', 'NONE');
#398 = ORIENTED_EDGE ( 'NONE', *, *, #1495, .F. ) ;
#399 = EDGE_CURVE ( 'NONE', #85, #581, #1575, .T. ) ;
#400 = ORIENTED_EDGE ( 'NONE', *, *, #68, .F. ) ;
#401 =( NAMED_UNIT ( * ) PLANE_ANGLE_UNIT ( ) SI_UNIT ( $, .RADIAN. ) );
#402 = DIRECTION ( 'NONE',  ( 0.000000000000000000, -1.000000000000000000, 0.000000000000000000 ) ) ;
#403 = CIRCLE ( 'NONE', #1566, 5.599999999999999645 ) ;
#404 = ORIENTED_EDGE ( 'NONE', *, *, #1530, .F. ) ;
#405 = FACE_OUTER_BOUND ( 'NONE', #181, .T. ) ;
#406 = ORIENTED_EDGE ( 'NONE', *, *, #994, .T. ) ;
#407 = AXIS2_PLACEMENT_3D ( 'NONE', #1125, #495, #222 ) ;
#408 = PRESENTATION_LAYER_ASSIGNMENT (  '', '', ( #1337 ) ) ;
#409 = VERTEX_POINT ( 'NONE', #396 ) ;
#410 = FACE_OUTER_BOUND ( 'NONE', #252, .T. ) ;
#411 = LINE ( 'NONE', #1608, #1360 ) ;
#412 = VERTEX_POINT ( 'NONE', #1542 ) ;
#413 = CARTESIAN_POINT ( 'NONE',  ( 0.000000000000000000, 6.500000000000000000, 8.400000000000000355 ) ) ;
#414 = APPLICATION_PROTOCOL_DEFINITION ( 'draft international standard', 'automotive_design', 1998, #1192 ) ;
#415 = ORIENTED_EDGE ( 'NONE', *, *, #710, .F. ) ;
#416 = AXIS2_PLACEMENT_3D ( 'NONE', #825, #45, #1468 ) ;
#417 = CARTESIAN_POINT ( 'NONE',  ( 0.000000000000000000, 6.500000000000000000, 8.599999999999999645 ) ) ;
#418 = FACE_OUTER_BOUND ( 'NONE', #25, .T. ) ;
#419 = AXIS2_PLACEMENT_3D ( 'NONE', #931, #676, #1451 ) ;
#420 = AXIS2_PLACEMENT_3D ( 'NONE', #1556, #516, #112 ) ;
#421 = CYLINDRICAL_SURFACE ( 'NONE', #1249, 0.7499999999999997780 ) ;
#422 = EDGE_CURVE ( 'NONE', #1072, #541, #906, .T. ) ;
#423 = ORIENTED_EDGE ( 'NONE', *, *, #851, .T. ) ;
#424 = PRESENTATION_STYLE_ASSIGNMENT (( #1356 ) ) ;
#425 = DIRECTION ( 'NONE',  ( 0.000000000000000000, 0.000000000000000000, -1.000000000000000000 ) ) ;
#426 = DIRECTION ( 'NONE',  ( 0.000000000000000000, 0.000000000000000000, -1.000000000000000000 ) ) ;
#427 = DIRECTION ( 'NONE',  ( -8.326672684688674053E-17, 0.000000000000000000, -1.000000000000000222 ) ) ;
#428 = ORIENTED_EDGE ( 'NONE', *, *, #818, .F. ) ;
#429 = DIRECTION ( 'NONE',  ( 0.000000000000000000, -1.000000000000000000, 0.000000000000000000 ) ) ;
#430 = DIRECTION ( 'NONE',  ( 0.000000000000000000, -1.000000000000000000, 0.000000000000000000 ) ) ;
#431 = CARTESIAN_POINT ( 'NONE',  ( 0.000000000000000000, -4.000000000000000000, 0.000000000000000000 ) ) ;
#432 = PRODUCT_DEFINITION_FORMATION_WITH_SPECIFIED_SOURCE ( 'ANY', '', #211, .NOT_KNOWN. ) ;
#433 = EDGE_LOOP ( 'NONE', ( #1561, #146, #33, #537 ) ) ;
#434 =( NAMED_UNIT ( * ) PLANE_ANGLE_UNIT ( ) SI_UNIT ( $, .RADIAN. ) );
#435 = AXIS2_PLACEMENT_3D ( 'NONE', #431, #1462, #307 ) ;
#436 = LINE ( 'NONE', #1220, #166 ) ;
#437 = PRODUCT_CONTEXT ( 'NONE', #888, 'mechanical' ) ;
#438 = VECTOR ( 'NONE', #1067, 1000.000000000000000 ) ;
#439 = CIRCLE ( 'NONE', #407, 4.450000000000000178 ) ;
#440 = CARTESIAN_POINT ( 'NONE',  ( 7.230000000000000426, -4.000000000000000000, -16.19999999999999929 ) ) ;
#441 = PLANE ( 'NONE',  #1166 ) ;
#442 = ORIENTED_EDGE ( 'NONE', *, *, #246, .T. ) ;
#443 = CARTESIAN_POINT ( 'NONE',  ( 0.000000000000000000, 0.9000000000000000222, 0.000000000000000000 ) ) ;
#444 = PLANE ( 'NONE',  #1094 ) ;
#445 = EDGE_CURVE ( 'NONE', #1312, #409, #18, .T. ) ;
#446 = DIRECTION ( 'NONE',  ( 0.000000000000000000, 0.000000000000000000, -1.000000000000000000 ) ) ;
#447 = LINE ( 'NONE', #155, #1271 ) ;
#448 = ORIENTED_EDGE ( 'NONE', *, *, #1644, .F. ) ;
#449 = FILL_AREA_STYLE_COLOUR ( '', #958 ) ;
#450 = FACE_OUTER_BOUND ( 'NONE', #65, .T. ) ;
#451 = EDGE_CURVE ( 'NONE', #61, #910, #248, .T. ) ;
#452 = FACE_OUTER_BOUND ( 'NONE', #571, .T. ) ;
#453 = LINE ( 'NONE', #1431, #303 ) ;
#454 = EDGE_CURVE ( 'NONE', #1065, #274, #666, .T. ) ;
#455 = ORIENTED_EDGE ( 'NONE', *, *, #4, .F. ) ;
#456 = CARTESIAN_POINT ( 'NONE',  ( 0.000000000000000000, 6.500000000000000000, 8.599999999999999645 ) ) ;
#457 = CARTESIAN_POINT ( 'NONE',  ( 7.230000000000000426, 0.000000000000000000, -7.450000000000000178 ) ) ;
#458 = PLANE ( 'NONE',  #82 ) ;
#459 = VECTOR ( 'NONE', #756, 1000.000000000000000 ) ;
#460 = ORIENTED_EDGE ( 'NONE', *, *, #851, .F. ) ;
#461 = AXIS2_PLACEMENT_3D ( 'NONE', #602, #1009, #1660 ) ;
#462 = ADVANCED_FACE ( 'NONE', ( #1156 ), #1016, .T. ) ;
#463 = ORIENTED_EDGE ( 'NONE', *, *, #1550, .T. ) ;
#464 = DIRECTION ( 'NONE',  ( 0.000000000000000000, 0.000000000000000000, 1.000000000000000000 ) ) ;
#465 = CARTESIAN_POINT ( 'NONE',  ( 0.000000000000000000, -2.000000000000000000, 0.000000000000000000 ) ) ;
#466 = DIRECTION ( 'NONE',  ( 0.000000000000000000, 1.000000000000000000, 0.000000000000000000 ) ) ;
#467 = MECHANICAL_DESIGN_GEOMETRIC_PRESENTATION_REPRESENTATION (  '', ( #1068 ), #1037 ) ;
#468 = VERTEX_POINT ( 'NONE', #1330 ) ;
#469 = CARTESIAN_POINT ( 'NONE',  ( 0.000000000000000000, 6.500000000000000000, 8.400000000000000355 ) ) ;
#470 = EDGE_CURVE ( 'NONE', #548, #1367, #175, .T. ) ;
#471 = CARTESIAN_POINT ( 'NONE',  ( -4.200000000000000178, 0.000000000000000000, -16.19999999999999929 ) ) ;
#472 = CARTESIAN_POINT ( 'NONE',  ( 0.000000000000000000, 6.500000000000000000, 8.900000000000000355 ) ) ;
#473 = COLOUR_RGB ( '',0.7921568627450980005, 0.8196078431372548767, 0.9333333333333333481 ) ;
#474 = ORIENTED_EDGE ( 'NONE', *, *, #320, .T. ) ;
#475 = DIRECTION ( 'NONE',  ( 0.000000000000000000, 0.000000000000000000, -1.000000000000000000 ) ) ;
#476 = LINE ( 'NONE', #998, #1289 ) ;
#477 = FACE_OUTER_BOUND ( 'NONE', #1040, .T. ) ;
#478 = VERTEX_POINT ( 'NONE', #49 ) ;
#479 = DIRECTION ( 'NONE',  ( 0.000000000000000000, 0.000000000000000000, 1.000000000000000000 ) ) ;
#480 = LINE ( 'NONE', #1119, #305 ) ;
#481 = FACE_OUTER_BOUND ( 'NONE', #1510, .T. ) ;
#482 = ADVANCED_FACE ( 'NONE', ( #1349 ), #564, .T. ) ;
#483 = EDGE_LOOP ( 'NONE', ( #960, #771, #1005, #1387, #1105 ) ) ;
#484 = AXIS2_PLACEMENT_3D ( 'NONE', #770, #670, #1411 ) ;
#485 = CARTESIAN_POINT ( 'NONE',  ( 5.100000000000000533, -2.000000000000000000, -13.79999999999999893 ) ) ;
#486 = AXIS2_PLACEMENT_3D ( 'NONE', #457, #970, #1350 ) ;
#487 = DIRECTION ( 'NONE',  ( 0.000000000000000000, 0.000000000000000000, -1.000000000000000000 ) ) ;
#488 = CARTESIAN_POINT ( 'NONE',  ( -6.429999999999999716, 12.69999999999999929, 0.000000000000000000 ) ) ;
#489 = LINE ( 'NONE', #1126, #874 ) ;
#490 = CLOSED_SHELL ( 'NONE', ( #340, #76, #160, #219, #1056, #108, #244, #1540, #559, #1666, #766, #646, #534, #1331, #957, #1173, #1621, #1265, #1282, #812, #1116, #699, #462, #351, #482, #193, #1580, #848, #1362, #47, #596 ) ) ;
#491 = CYLINDRICAL_SURFACE ( 'NONE', #1498, 4.450000000000000178 ) ;
#492 = EDGE_CURVE ( 'NONE', #1459, #1602, #1501, .T. ) ;
#493 = FACE_BOUND ( 'NONE', #532, .T. ) ;
#494 = ORIENTED_EDGE ( 'NONE', *, *, #1161, .T. ) ;
#495 = DIRECTION ( 'NONE',  ( 0.000000000000000000, 0.000000000000000000, 1.000000000000000000 ) ) ;
#496 = DIRECTION ( 'NONE',  ( 0.000000000000000000, 1.000000000000000000, 0.000000000000000000 ) ) ;
#497 = VERTEX_POINT ( 'NONE', #1464 ) ;
#498 = DIRECTION ( 'NONE',  ( 0.000000000000000000, 0.000000000000000000, 1.000000000000000000 ) ) ;
#499 = CIRCLE ( 'NONE', #144, 3.250000000000000000 ) ;
#500 = DIRECTION ( 'NONE',  ( 0.000000000000000000, 0.000000000000000000, -1.000000000000000000 ) ) ;
#501 = EDGE_CURVE ( 'NONE', #1521, #527, #1092, .T. ) ;
#502 = DIRECTION ( 'NONE',  ( 0.000000000000000000, 0.000000000000000000, -1.000000000000000000 ) ) ;
#503 = ORIENTED_EDGE ( 'NONE', *, *, #1319, .F. ) ;
#504 = DIRECTION ( 'NONE',  ( 0.000000000000000000, -1.000000000000000000, 0.000000000000000000 ) ) ;
#505 = DIRECTION ( 'NONE',  ( 0.000000000000000000, -1.000000000000000000, 0.000000000000000000 ) ) ;
#506 = MANIFOLD_SOLID_BREP ( 'Split1[5]', #1008 ) ;
#507 = VERTEX_POINT ( 'NONE', #934 ) ;
#508 = AXIS2_PLACEMENT_3D ( 'NONE', #363, #70, #346 ) ;
#509 = VERTEX_POINT ( 'NONE', #443 ) ;
#510 = LINE ( 'NONE', #1546, #726 ) ;
#511 = PRODUCT_DEFINITION ( 'UNKNOWN', '', #601, #300 ) ;
#512 = FACE_OUTER_BOUND ( 'NONE', #254, .T. ) ;
#513 = MANIFOLD_SOLID_BREP ( 'Split1[1]', #269 ) ;
#514 = EDGE_CURVE ( 'NONE', #409, #1493, #1373, .T. ) ;
#515 = ORIENTED_EDGE ( 'NONE', *, *, #861, .T. ) ;
#516 = DIRECTION ( 'NONE',  ( 0.000000000000000000, -1.000000000000000000, 0.000000000000000000 ) ) ;
#517 = ORIENTED_EDGE ( 'NONE', *, *, #1616, .T. ) ;
#518 = DIRECTION ( 'NONE',  ( 0.000000000000000000, 0.000000000000000000, 1.000000000000000000 ) ) ;
#519 = EDGE_LOOP ( 'NONE', ( #315, #220, #22, #1537 ) ) ;
#520 = SURFACE_STYLE_USAGE ( .BOTH. , #1041 ) ;
#521 = CARTESIAN_POINT ( 'NONE',  ( -4.200000000000000178, 0.000000000000000000, -6.450000000000000178 ) ) ;
#522 = DIRECTION ( 'NONE',  ( 0.000000000000000000, 1.000000000000000000, 0.000000000000000000 ) ) ;
#523 = EDGE_CURVE ( 'NONE', #412, #176, #66, .T. ) ;
#524 = EDGE_LOOP ( 'NONE', ( #1058, #1633, #613, #125 ) ) ;
#525 = DIRECTION ( 'NONE',  ( 0.000000000000000000, 1.000000000000000000, 0.000000000000000000 ) ) ;
#526 =( GEOMETRIC_REPRESENTATION_CONTEXT ( 3 ) GLOBAL_UNCERTAINTY_ASSIGNED_CONTEXT ( ( #800 ) ) GLOBAL_UNIT_ASSIGNED_CONTEXT ( ( #1219, #434, #158 ) ) REPRESENTATION_CONTEXT ( 'NONE', 'WORKASPACE' ) );
#527 = VERTEX_POINT ( 'NONE', #590 ) ;
#528 =( NAMED_UNIT ( * ) SI_UNIT ( $, .STERADIAN. ) SOLID_ANGLE_UNIT ( ) );
#529 = TOROIDAL_SURFACE ( 'NONE', #1399, 3.750000000000000000, 0.5000000000000000000 ) ;
#530 = AXIS2_PLACEMENT_3D ( 'NONE', #1152, #24, #760 ) ;
#531 = DIRECTION ( 'NONE',  ( 0.000000000000000000, 0.000000000000000000, 1.000000000000000000 ) ) ;
#532 = EDGE_LOOP ( 'NONE', ( #428, #996 ) ) ;
#533 = CARTESIAN_POINT ( 'NONE',  ( 7.230000000000000426, -4.000000000000000000, -4.250000000000000000 ) ) ;
#534 = ADVANCED_FACE ( 'NONE', ( #1109 ), #1079, .T. ) ;
#535 = VERTEX_POINT ( 'NONE', #1368 ) ;
#536 = DIRECTION ( 'NONE',  ( 0.000000000000000000, 0.000000000000000000, 1.000000000000000000 ) ) ;
#537 = ORIENTED_EDGE ( 'NONE', *, *, #1004, .T. ) ;
#538 = DIRECTION ( 'NONE',  ( 0.000000000000000000, -1.000000000000000000, 0.000000000000000000 ) ) ;
#539 = DIRECTION ( 'NONE',  ( 0.000000000000000000, -1.000000000000000000, 0.000000000000000000 ) ) ;
#540 = AXIS2_PLACEMENT_3D ( 'NONE', #1273, #84, #1157 ) ;
#541 = VERTEX_POINT ( 'NONE', #207 ) ;
#542 = CARTESIAN_POINT ( 'NONE',  ( 0.000000000000000000, 6.500000000000000000, 8.400000000000000355 ) ) ;
#543 =( GEOMETRIC_REPRESENTATION_CONTEXT ( 3 ) GLOBAL_UNCERTAINTY_ASSIGNED_CONTEXT ( ( #1588 ) ) GLOBAL_UNIT_ASSIGNED_CONTEXT ( ( #1013, #1145, #1151 ) ) REPRESENTATION_CONTEXT ( 'NONE', 'WORKASPACE' ) );
#544 = VECTOR ( 'NONE', #1497, 1000.000000000000000 ) ;
#545 = ORIENTED_EDGE ( 'NONE', *, *, #1377, .T. ) ;
#546 = AXIS2_PLACEMENT_3D ( 'NONE', #1002, #618, #106 ) ;
#547 = CARTESIAN_POINT ( 'NONE',  ( 0.000000000000000000, 0.000000000000000000, 0.000000000000000000 ) ) ;
#548 = VERTEX_POINT ( 'NONE', #1400 ) ;
#549 = DIRECTION ( 'NONE',  ( 0.000000000000000000, 0.000000000000000000, -1.000000000000000000 ) ) ;
#550 = EDGE_CURVE ( 'NONE', #1367, #1129, #1642, .T. ) ;
#551 = FACE_OUTER_BOUND ( 'NONE', #519, .T. ) ;
#552 = FACE_OUTER_BOUND ( 'NONE', #225, .T. ) ;
#553 = ORIENTED_EDGE ( 'NONE', *, *, #1257, .F. ) ;
#554 = AXIS2_PLACEMENT_3D ( 'NONE', #1615, #1592, #691 ) ;
#555 = CARTESIAN_POINT ( 'NONE',  ( 0.000000000000000000, -4.000000000000000000, 0.000000000000000000 ) ) ;
#556 = ORIENTED_EDGE ( 'NONE', *, *, #633, .F. ) ;
#557 = DIRECTION ( 'NONE',  ( 0.000000000000000000, -0.2187114569174004874, 0.9757895770160019966 ) ) ;
#558 = PLANE ( 'NONE',  #709 ) ;
#559 = ADVANCED_FACE ( 'NONE', ( #737 ), #767, .F. ) ;
#560 = AXIS2_PLACEMENT_3D ( 'NONE', #186, #1202, #316 ) ;
#561 = DIRECTION ( 'NONE',  ( 0.000000000000000000, -1.000000000000000000, 0.000000000000000000 ) ) ;
#562 = AXIS2_PLACEMENT_3D ( 'NONE', #366, #608, #846 ) ;
#563 = ORIENTED_EDGE ( 'NONE', *, *, #184, .F. ) ;
#564 = PLANE ( 'NONE',  #560 ) ;
#565 = DIRECTION ( 'NONE',  ( 0.000000000000000000, -1.000000000000000000, 0.000000000000000000 ) ) ;
#566 =( LENGTH_UNIT ( ) NAMED_UNIT ( * ) SI_UNIT ( .MILLI., .METRE. ) );
#567 = CARTESIAN_POINT ( 'NONE',  ( -4.200000000000000178, 0.000000000000000000, -8.449999999999999289 ) ) ;
#568 = FACE_OUTER_BOUND ( 'NONE', #1548, .T. ) ;
#569 = AXIS2_PLACEMENT_3D ( 'NONE', #1107, #78, #1622 ) ;
#570 = AXIS2_PLACEMENT_3D ( 'NONE', #180, #802, #427 ) ;
#571 = EDGE_LOOP ( 'NONE', ( #1108, #1196 ) ) ;
#572 = DIRECTION ( 'NONE',  ( 0.000000000000000000, 0.000000000000000000, 1.000000000000000000 ) ) ;
#573 = EDGE_CURVE ( 'NONE', #1283, #497, #1263, .T. ) ;
#574 = UNCERTAINTY_MEASURE_WITH_UNIT (LENGTH_MEASURE( 1.000000000000000082E-05 ), #296, 'distance_accuracy_value', 'NONE');
#575 = FACE_OUTER_BOUND ( 'NONE', #674, .T. ) ;
#576 = AXIS2_PLACEMENT_3D ( 'NONE', #1266, #1140, #875 ) ;
#577 = AXIS2_PLACEMENT_3D ( 'NONE', #417, #930, #1078 ) ;
#578 = CARTESIAN_POINT ( 'NONE',  ( 0.000000000000000000, 6.500000000000000000, -22.16180581257000171 ) ) ;
#579 = APPLICATION_CONTEXT ( 'automotive_design' ) ;
#580 = DIRECTION ( 'NONE',  ( 0.000000000000000000, 0.8660254037844288266, -0.5000000000000169864 ) ) ;
#581 = VERTEX_POINT ( 'NONE', #198 ) ;
#582 = FILL_AREA_STYLE_COLOUR ( '', #473 ) ;
#583 = EDGE_CURVE ( 'NONE', #15, #1112, #69, .T. ) ;
#584 = CYLINDRICAL_SURFACE ( 'NONE', #265, 0.7500000000000006661 ) ;
#585 = ORIENTED_EDGE ( 'NONE', *, *, #20, .T. ) ;
#586 = DIRECTION ( 'NONE',  ( 1.000000000000000000, 0.000000000000000000, 0.000000000000000000 ) ) ;
#587 = FILL_AREA_STYLE_COLOUR ( '', #883 ) ;
#588 = AXIS2_PLACEMENT_3D ( 'NONE', #533, #1054, #1413 ) ;
#589 = ORIENTED_EDGE ( 'NONE', *, *, #1433, .F. ) ;
#590 = CARTESIAN_POINT ( 'NONE',  ( 9.320000000000000284, 12.69999999999999929, -21.39999999999999858 ) ) ;
#591 = CIRCLE ( 'NONE', #283, 0.7500000000000006661 ) ;
#592 = UNCERTAINTY_MEASURE_WITH_UNIT (LENGTH_MEASURE( 1.000000000000000082E-05 ), #887, 'distance_accuracy_value', 'NONE');
#593 = LINE ( 'NONE', #1618, #862 ) ;
#594 = CARTESIAN_POINT ( 'NONE',  ( 7.230000000000000426, 0.000000000000000000, -8.449999999999999289 ) ) ;
#595 = EDGE_CURVE ( 'NONE', #855, #1662, #977, .T. ) ;
#596 = ADVANCED_FACE ( 'NONE', ( #337, #493, #1001 ), #715, .T. ) ;
#597 = DIRECTION ( 'NONE',  ( 0.000000000000000000, 0.000000000000000000, -1.000000000000000000 ) ) ;
#598 = DIRECTION ( 'NONE',  ( 1.000000000000000000, 0.000000000000000000, 0.000000000000000000 ) ) ;
#599 = EDGE_LOOP ( 'NONE', ( #1101, #290, #944, #344 ) ) ;
#600 = DIRECTION ( 'NONE',  ( 0.000000000000000000, 1.000000000000000000, 0.000000000000000000 ) ) ;
#601 = PRODUCT_DEFINITION_FORMATION_WITH_SPECIFIED_SOURCE ( 'ANY', '', #1481, .NOT_KNOWN. ) ;
#602 = CARTESIAN_POINT ( 'NONE',  ( 7.230000000000000426, -4.000000000000000000, -16.94999999999999929 ) ) ;
#603 = FACE_OUTER_BOUND ( 'NONE', #122, .T. ) ;
#604 = CONICAL_SURFACE ( 'NONE', #809, 5.025000000000000355, 1.047197551196400456 ) ;
#605 = EDGE_CURVE ( 'NONE', #1295, #149, #1503, .T. ) ;
#606 = SURFACE_STYLE_USAGE ( .BOTH. , #864 ) ;
#607 = ORIENTED_EDGE ( 'NONE', *, *, #320, .F. ) ;
#608 = DIRECTION ( 'NONE',  ( 0.000000000000000000, -1.000000000000000000, 0.000000000000000000 ) ) ;
#609 = CARTESIAN_POINT ( 'NONE',  ( -4.200000000000000178, -4.000000000000000000, -9.849999999999999645 ) ) ;
#610 = CARTESIAN_POINT ( 'NONE',  ( -4.200000000000000178, -4.000000000000000000, -10.59999999999999964 ) ) ;
#611 = ORIENTED_EDGE ( 'NONE', *, *, #184, .T. ) ;
#612 = SURFACE_STYLE_FILL_AREA ( #87 ) ;
#613 = ORIENTED_EDGE ( 'NONE', *, *, #331, .F. ) ;
#614 = AXIS2_PLACEMENT_3D ( 'NONE', #1287, #111, #1188 ) ;
#615 = CARTESIAN_POINT ( 'NONE',  ( 0.000000000000000000, 9.750000000000000000, 8.400000000000000355 ) ) ;
#616 = ADVANCED_FACE ( 'NONE', ( #72 ), #1516, .T. ) ;
#617 = CIRCLE ( 'NONE', #1553, 0.2999999999999999334 ) ;
#618 = DIRECTION ( 'NONE',  ( 0.000000000000000000, 0.000000000000000000, -1.000000000000000000 ) ) ;
#619 = DIRECTION ( 'NONE',  ( 0.000000000000000000, -1.000000000000000000, 0.000000000000000000 ) ) ;
#620 = ORIENTED_EDGE ( 'NONE', *, *, #789, .T. ) ;
#621 = DIRECTION ( 'NONE',  ( 0.000000000000000000, 0.000000000000000000, -1.000000000000000000 ) ) ;
#622 = DIRECTION ( 'NONE',  ( 0.000000000000000000, -1.000000000000000000, 0.000000000000000000 ) ) ;
#623 = EDGE_CURVE ( 'NONE', #896, #1418, #97, .T. ) ;
#624 = PLANE ( 'NONE',  #1274 ) ;
#625 = COLOUR_RGB ( '',0.7921568627450980005, 0.8196078431372548767, 0.9333333333333333481 ) ;
#626 = ORIENTED_EDGE ( 'NONE', *, *, #212, .T. ) ;
#627 = CIRCLE ( 'NONE', #1089, 0.5000000000000004441 ) ;
#628 = CIRCLE ( 'NONE', #546, 3.749999999999999112 ) ;
#629 = DIRECTION ( 'NONE',  ( 0.000000000000000000, 0.000000000000000000, -1.000000000000000000 ) ) ;
#630 =( GEOMETRIC_REPRESENTATION_CONTEXT ( 3 ) GLOBAL_UNCERTAINTY_ASSIGNED_CONTEXT ( ( #829 ) ) GLOBAL_UNIT_ASSIGNED_CONTEXT ( ( #911, #1531, #1665 ) ) REPRESENTATION_CONTEXT ( 'NONE', 'WORKASPACE' ) );
#631 = CARTESIAN_POINT ( 'NONE',  ( 0.000000000000000000, 6.500000000000000000, -21.22361162513000110 ) ) ;
#632 = FACE_OUTER_BOUND ( 'NONE', #1302, .T. ) ;
#633 = EDGE_CURVE ( 'NONE', #769, #548, #229, .T. ) ;
#634 = ORIENTED_EDGE ( 'NONE', *, *, #40, .T. ) ;
#635 = PRESENTATION_STYLE_ASSIGNMENT (( #759 ) ) ;
#636 = CIRCLE ( 'NONE', #554, 1.000000000000000000 ) ;
#637 = DIRECTION ( 'NONE',  ( 0.000000000000000000, -1.000000000000000000, 0.000000000000000000 ) ) ;
#638 = CARTESIAN_POINT ( 'NONE',  ( 0.000000000000000000, 10.65000000000000036, 8.599999999999999645 ) ) ;
#639 = DIRECTION ( 'NONE',  ( 0.000000000000000000, -0.000000000000000000, -1.000000000000000000 ) ) ;
#640 = APPLICATION_CONTEXT ( 'automotive_design' ) ;
#641 = VECTOR ( 'NONE', #915, 1000.000000000000000 ) ;
#642 = VERTEX_POINT ( 'NONE', #729 ) ;
#643 = VECTOR ( 'NONE', #836, 1000.000000000000000 ) ;
#644 = AXIS2_PLACEMENT_3D ( 'NONE', #964, #1476, #805 ) ;
#645 = ORIENTED_EDGE ( 'NONE', *, *, #1398, .T. ) ;
#646 = ADVANCED_FACE ( 'NONE', ( #1383 ), #529, .T. ) ;
#647 = CARTESIAN_POINT ( 'NONE',  ( 9.320000000000000284, 12.69999999999999929, 0.000000000000000000 ) ) ;
#648 = ORIENTED_EDGE ( 'NONE', *, *, #583, .T. ) ;
#649 = FACE_OUTER_BOUND ( 'NONE', #1260, .T. ) ;
#650 = ORIENTED_EDGE ( 'NONE', *, *, #1162, .F. ) ;
#651 =( NAMED_UNIT ( * ) PLANE_ANGLE_UNIT ( ) SI_UNIT ( $, .RADIAN. ) );
#652 = VECTOR ( 'NONE', #598, 1000.000000000000000 ) ;
#653 = VERTEX_POINT ( 'NONE', #1130 ) ;
#654 = AXIS2_PLACEMENT_3D ( 'NONE', #1533, #6, #1563 ) ;
#655 = EDGE_CURVE ( 'NONE', #776, #1129, #499, .T. ) ;
#656 = VECTOR ( 'NONE', #718, 1000.000000000000000 ) ;
#657 = PLANE ( 'NONE',  #1049 ) ;
#658 = CIRCLE ( 'NONE', #863, 0.7499999999999997780 ) ;
#659 = ORIENTED_EDGE ( 'NONE', *, *, #735, .F. ) ;
#660 =( LENGTH_UNIT ( ) NAMED_UNIT ( * ) SI_UNIT ( .MILLI., .METRE. ) );
#661 = ORIENTED_EDGE ( 'NONE', *, *, #1045, .T. ) ;
#662 = DIRECTION ( 'NONE',  ( 0.000000000000000000, 0.000000000000000000, 1.000000000000000000 ) ) ;
#663 = ORIENTED_EDGE ( 'NONE', *, *, #328, .F. ) ;
#664 = DIRECTION ( 'NONE',  ( 0.000000000000000000, 0.000000000000000000, 1.000000000000000000 ) ) ;
#665 = EDGE_LOOP ( 'NONE', ( #494, #1155, #1011, #1646 ) ) ;
#666 = CIRCLE ( 'NONE', #588, 0.7499999999999997780 ) ;
#667 = EDGE_LOOP ( 'NONE', ( #953, #398 ) ) ;
#668 = CARTESIAN_POINT ( 'NONE',  ( 0.000000000000000000, 6.500000000000000000, 4.168023595216000743 ) ) ;
#669 = AXIS2_PLACEMENT_3D ( 'NONE', #485, #1144, #1654 ) ;
#670 = DIRECTION ( 'NONE',  ( 0.000000000000000000, 0.000000000000000000, -1.000000000000000000 ) ) ;
#671 = ORIENTED_EDGE ( 'NONE', *, *, #313, .F. ) ;
#672 = DIRECTION ( 'NONE',  ( 0.000000000000000000, 0.000000000000000000, -1.000000000000000000 ) ) ;
#673 = ORIENTED_EDGE ( 'NONE', *, *, #1454, .F. ) ;
#674 = EDGE_LOOP ( 'NONE', ( #1204, #1409, #671, #1344 ) ) ;
#675 = CARTESIAN_POINT ( 'NONE',  ( 7.230000000000000426, -2.000000000000000000, -7.450000000000000178 ) ) ;
#676 = DIRECTION ( 'NONE',  ( 0.000000000000000000, -1.000000000000000000, 0.000000000000000000 ) ) ;
#677 = DIRECTION ( 'NONE',  ( 0.000000000000000000, -1.000000000000000000, 0.000000000000000000 ) ) ;
#678 = VERTEX_POINT ( 'NONE', #856 ) ;
#679 = CARTESIAN_POINT ( 'NONE',  ( 9.320000000000000284, 12.69999999999999929, 0.000000000000000000 ) ) ;
#680 = MECHANICAL_DESIGN_GEOMETRIC_PRESENTATION_REPRESENTATION (  '', ( #1337 ), #630 ) ;
#681 = ORIENTED_EDGE ( 'NONE', *, *, #861, .F. ) ;
#682 = VECTOR ( 'NONE', #169, 1000.000000000000000 ) ;
#683 = EDGE_CURVE ( 'NONE', #478, #14, #991, .T. ) ;
#684 = ORIENTED_EDGE ( 'NONE', *, *, #148, .F. ) ;
#685 = DIRECTION ( 'NONE',  ( 0.000000000000000000, -1.000000000000000000, 0.000000000000000000 ) ) ;
#686 = CYLINDRICAL_SURFACE ( 'NONE', #419, 0.7500000000000006661 ) ;
#687 = DIRECTION ( 'NONE',  ( 0.000000000000000000, -0.8660254037844288266, -0.5000000000000169864 ) ) ;
#688 = EDGE_LOOP ( 'NONE', ( #503, #706, #1558, #661 ) ) ;
#689 = CYLINDRICAL_SURFACE ( 'NONE', #486, 0.9999999999999991118 ) ;
#690 = CARTESIAN_POINT ( 'NONE',  ( -6.429999999999999716, 0.000000000000000000, -21.39999999999999858 ) ) ;
#691 = DIRECTION ( 'NONE',  ( 0.000000000000000000, 0.000000000000000000, 1.000000000000000000 ) ) ;
#692 = VECTOR ( 'NONE', #430, 1000.000000000000000 ) ;
#693 = EDGE_CURVE ( 'NONE', #1160, #581, #591, .T. ) ;
#694 = CARTESIAN_POINT ( 'NONE',  ( 0.000000000000000000, 2.350000000000000089, 8.900000000000000355 ) ) ;
#695 = EDGE_LOOP ( 'NONE', ( #1390, #1176, #1329, #48, #556, #905, #7, #1447, #1545 ) ) ;
#696 = FACE_OUTER_BOUND ( 'NONE', #1293, .T. ) ;
#697 = DIRECTION ( 'NONE',  ( 0.000000000000000000, -1.000000000000000000, 0.000000000000000000 ) ) ;
#698 = LINE ( 'NONE', #1338, #1088 ) ;
#699 = ADVANCED_FACE ( 'NONE', ( #330 ), #1475, .T. ) ;
#700 = ORIENTED_EDGE ( 'NONE', *, *, #1596, .F. ) ;
#701 = CIRCLE ( 'NONE', #942, 1.000000000000000000 ) ;
#702 = DIRECTION ( 'NONE',  ( 0.000000000000000000, 0.000000000000000000, 1.000000000000000000 ) ) ;
#703 = ORIENTED_EDGE ( 'NONE', *, *, #240, .T. ) ;
#704 = DIRECTION ( 'NONE',  ( 0.000000000000000000, 0.000000000000000000, 1.000000000000000000 ) ) ;
#705 = CLOSED_SHELL ( 'NONE', ( #1560, #1474, #1228, #799 ) ) ;
#706 = ORIENTED_EDGE ( 'NONE', *, *, #947, .T. ) ;
#707 =( NAMED_UNIT ( * ) SI_UNIT ( $, .STERADIAN. ) SOLID_ANGLE_UNIT ( ) );
#708 = CARTESIAN_POINT ( 'NONE',  ( 0.000000000000000000, 2.350000000000000089, 8.599999999999999645 ) ) ;
#709 = AXIS2_PLACEMENT_3D ( 'NONE', #956, #1198, #319 ) ;
#710 = EDGE_CURVE ( 'NONE', #678, #109, #716, .T. ) ;
#711 = ORIENTED_EDGE ( 'NONE', *, *, #212, .F. ) ;
#712 = DIRECTION ( 'NONE',  ( 0.000000000000000000, -1.000000000000000000, 0.000000000000000000 ) ) ;
#713 = PRESENTATION_STYLE_ASSIGNMENT (( #196 ) ) ;
#714 = ORIENTED_EDGE ( 'NONE', *, *, #1036, .T. ) ;
#715 = PLANE ( 'NONE',  #562 ) ;
#716 = CIRCLE ( 'NONE', #530, 5.599999999999999645 ) ;
#717 = CARTESIAN_POINT ( 'NONE',  ( 5.100000000000000533, 0.000000000000000000, -13.79999999999999893 ) ) ;
#718 = DIRECTION ( 'NONE',  ( 1.000000000000000000, 0.000000000000000000, 0.000000000000000000 ) ) ;
#719 = EDGE_CURVE ( 'NONE', #773, #1421, #19, .T. ) ;
#720 = ORIENTED_EDGE ( 'NONE', *, *, #148, .T. ) ;
#721 = CARTESIAN_POINT ( 'NONE',  ( 7.230000000000000426, 0.000000000000000000, -6.450000000000000178 ) ) ;
#722 = VERTEX_POINT ( 'NONE', #781 ) ;
#723 = DIRECTION ( 'NONE',  ( 0.000000000000000000, 0.000000000000000000, -1.000000000000000000 ) ) ;
#724 = FACE_OUTER_BOUND ( 'NONE', #386, .T. ) ;
#725 = ORIENTED_EDGE ( 'NONE', *, *, #1307, .T. ) ;
#726 = VECTOR ( 'NONE', #1051, 1000.000000000000000 ) ;
#727 = DIRECTION ( 'NONE',  ( 0.000000000000000000, -1.000000000000000000, 0.000000000000000000 ) ) ;
#728 = ORIENTED_EDGE ( 'NONE', *, *, #268, .F. ) ;
#729 = CARTESIAN_POINT ( 'NONE',  ( 0.000000000000000000, 3.000000000000000000, -24.29999999999999716 ) ) ;
#730 = DIRECTION ( 'NONE',  ( 0.000000000000000000, 0.000000000000000000, 1.000000000000000000 ) ) ;
#731 = AXIS2_PLACEMENT_3D ( 'NONE', #997, #1403, #525 ) ;
#732 = CARTESIAN_POINT ( 'NONE',  ( 0.000000000000000000, 6.500000000000000000, 0.000000000000000000 ) ) ;
#733 = FACE_OUTER_BOUND ( 'NONE', #786, .T. ) ;
#734 =( NAMED_UNIT ( * ) SI_UNIT ( $, .STERADIAN. ) SOLID_ANGLE_UNIT ( ) );
#735 = EDGE_CURVE ( 'NONE', #790, #1127, #820, .T. ) ;
#736 = EDGE_LOOP ( 'NONE', ( #206, #840, #358, #784 ) ) ;
#737 = FACE_OUTER_BOUND ( 'NONE', #163, .T. ) ;
#738 = VECTOR ( 'NONE', #1426, 1000.000000000000000 ) ;
#739 = LINE ( 'NONE', #1643, #1213 ) ;
#740 = CARTESIAN_POINT ( 'NONE',  ( 0.000000000000000000, 6.500000000000000000, 10.56000000000000050 ) ) ;
#741 = CIRCLE ( 'NONE', #669, 1.499999999999999556 ) ;
#742 = AXIS2_PLACEMENT_3D ( 'NONE', #904, #662, #134 ) ;
#743 = EDGE_LOOP ( 'NONE', ( #878, #673, #681, #1268 ) ) ;
#744 = CARTESIAN_POINT ( 'NONE',  ( 0.000000000000000000, 6.500000000000000000, 10.56000000000000050 ) ) ;
#745 = CARTESIAN_POINT ( 'NONE',  ( 7.230000000000000426, 0.000000000000000000, -4.250000000000000000 ) ) ;
#746 = ADVANCED_FACE ( 'NONE', ( #1052 ), #657, .F. ) ;
#747 = CARTESIAN_POINT ( 'NONE',  ( 7.230000000000000426, -2.000000000000000000, -8.449999999999999289 ) ) ;
#748 = EDGE_CURVE ( 'NONE', #1521, #1435, #754, .T. ) ;
#749 = DIRECTION ( 'NONE',  ( 1.000000000000000000, 0.000000000000000000, 0.000000000000000000 ) ) ;
#750 = ORIENTED_EDGE ( 'NONE', *, *, #1653, .F. ) ;
#751 = CARTESIAN_POINT ( 'NONE',  ( -6.429999999999999716, 12.69999999999999929, 0.000000000000000000 ) ) ;
#752 = FILL_AREA_STYLE_COLOUR ( '', #161 ) ;
#753 = CIRCLE ( 'NONE', #31, 3.749999999999999112 ) ;
#754 = LINE ( 'NONE', #647, #201 ) ;
#755 = CARTESIAN_POINT ( 'NONE',  ( 0.000000000000000000, 10.94999999999999929, 4.500000000000000000 ) ) ;
#756 = DIRECTION ( 'NONE',  ( 0.000000000000000000, -1.000000000000000000, 0.000000000000000000 ) ) ;
#757 = ORIENTED_EDGE ( 'NONE', *, *, #523, .T. ) ;
#758 = DIRECTION ( 'NONE',  ( 0.000000000000000000, 0.000000000000000000, -1.000000000000000000 ) ) ;
#759 = SURFACE_STYLE_USAGE ( .BOTH. , #1538 ) ;
#760 = DIRECTION ( 'NONE',  ( 0.000000000000000000, 1.000000000000000000, 0.000000000000000000 ) ) ;
#761 = ORIENTED_EDGE ( 'NONE', *, *, #1150, .T. ) ;
#762 = AXIS2_PLACEMENT_3D ( 'NONE', #1585, #1471, #572 ) ;
#763 = VERTEX_POINT ( 'NONE', #521 ) ;
#764 = AXIS2_PLACEMENT_3D ( 'NONE', #1661, #876, #1010 ) ;
#765 = DIRECTION ( 'NONE',  ( 0.000000000000000000, -1.000000000000000000, 0.000000000000000000 ) ) ;
#766 = ADVANCED_FACE ( 'NONE', ( #512 ), #1416, .F. ) ;
#767 = CONICAL_SURFACE ( 'NONE', #877, 1.625000000000000666, 1.047197551196400456 ) ;
#768 = AXIS2_PLACEMENT_3D ( 'NONE', #1195, #1429, #1448 ) ;
#769 = VERTEX_POINT ( 'NONE', #1015 ) ;
#770 = CARTESIAN_POINT ( 'NONE',  ( 0.000000000000000000, 6.500000000000000000, 0.000000000000000000 ) ) ;
#771 = ORIENTED_EDGE ( 'NONE', *, *, #299, .T. ) ;
#772 = DIRECTION ( 'NONE',  ( 0.000000000000000000, -1.000000000000000000, 0.000000000000000000 ) ) ;
#773 = VERTEX_POINT ( 'NONE', #143 ) ;
#774 = DIRECTION ( 'NONE',  ( 1.000000000000000000, 0.000000000000000000, 0.000000000000000000 ) ) ;
#775 = AXIS2_PLACEMENT_3D ( 'NONE', #547, #1466, #289 ) ;
#776 = VERTEX_POINT ( 'NONE', #242 ) ;
#777 = FILL_AREA_STYLE ('',( #257 ) ) ;
#778 = CIRCLE ( 'NONE', #654, 4.450000000000000178 ) ;
#779 = VECTOR ( 'NONE', #619, 1000.000000000000000 ) ;
#780 = EDGE_CURVE ( 'NONE', #1574, #773, #121, .T. ) ;
#781 = CARTESIAN_POINT ( 'NONE',  ( 0.000000000000000000, 10.25000000000000000, 8.900000000000000355 ) ) ;
#782 = CIRCLE ( 'NONE', #1432, 3.250000000000000000 ) ;
#783 = DIRECTION ( 'NONE',  ( 0.000000000000000000, 0.000000000000000000, 1.000000000000000000 ) ) ;
#784 = ORIENTED_EDGE ( 'NONE', *, *, #445, .F. ) ;
#785 = VECTOR ( 'NONE', #21, 1000.000000000000000 ) ;
#786 = EDGE_LOOP ( 'NONE', ( #423, #650, #563, #1178 ) ) ;
#787 = CARTESIAN_POINT ( 'NONE',  ( 3.250000000000000000, 6.500000000000000000, -21.22361162513000110 ) ) ;
#788 = FACE_OUTER_BOUND ( 'NONE', #1529, .T. ) ;
#789 = EDGE_CURVE ( 'NONE', #409, #1493, #778, .T. ) ;
#790 = VERTEX_POINT ( 'NONE', #1547 ) ;
#791 = DIRECTION ( 'NONE',  ( 1.000000000000000000, 0.000000000000000000, 0.000000000000000000 ) ) ;
#792 = VERTEX_POINT ( 'NONE', #17 ) ;
#793 = VECTOR ( 'NONE', #1318, 1000.000000000000000 ) ;
#794 = ORIENTED_EDGE ( 'NONE', *, *, #60, .T. ) ;
#795 = FACE_OUTER_BOUND ( 'NONE', #963, .T. ) ;
#796 = CYLINDRICAL_SURFACE ( 'NONE', #847, 0.7500000000000006661 ) ;
#797 = DIRECTION ( 'NONE',  ( 0.000000000000000000, -1.000000000000000000, 0.000000000000000000 ) ) ;
#798 = VERTEX_POINT ( 'NONE', #373 ) ;
#799 = ADVANCED_FACE ( 'NONE', ( #895 ), #1278, .T. ) ;
#800 = UNCERTAINTY_MEASURE_WITH_UNIT (LENGTH_MEASURE( 1.000000000000000082E-05 ), #1219, 'distance_accuracy_value', 'NONE');
#801 = CARTESIAN_POINT ( 'NONE',  ( 3.250000000000000000, 6.500000000000000000, 0.000000000000000000 ) ) ;
#802 = DIRECTION ( 'NONE',  ( 1.000000000000000222, 0.000000000000000000, -8.326672684688674053E-17 ) ) ;
#803 = ORIENTED_EDGE ( 'NONE', *, *, #573, .T. ) ;
#804 = DIRECTION ( 'NONE',  ( 0.000000000000000000, -1.000000000000000000, 0.000000000000000000 ) ) ;
#805 = DIRECTION ( 'NONE',  ( 0.000000000000000000, 1.000000000000000000, 0.000000000000000000 ) ) ;
#806 = CYLINDRICAL_SURFACE ( 'NONE', #259, 0.7499999999999997780 ) ;
#807 = ORIENTED_EDGE ( 'NONE', *, *, #735, .T. ) ;
#808 = DIRECTION ( 'NONE',  ( 0.000000000000000000, 1.000000000000000000, 0.000000000000000000 ) ) ;
#809 = AXIS2_PLACEMENT_3D ( 'NONE', #668, #333, #1197 ) ;
#810 = DIRECTION ( 'NONE',  ( 0.000000000000000000, -1.000000000000000000, 0.000000000000000000 ) ) ;
#811 = SHAPE_DEFINITION_REPRESENTATION ( #64, #1477 ) ;
#812 = ADVANCED_FACE ( 'NONE', ( #1554 ), #1458, .T. ) ;
#813 = CARTESIAN_POINT ( 'NONE',  ( -3.250000000000000000, 6.500000000000000000, 0.000000000000000000 ) ) ;
#814 = DIRECTION ( 'NONE',  ( 0.000000000000000000, -0.000000000000000000, -1.000000000000000000 ) ) ;
#815 = CARTESIAN_POINT ( 'NONE',  ( 7.230000000000000426, 0.000000000000000000, -11.35000000000000142 ) ) ;
#816 = ORIENTED_EDGE ( 'NONE', *, *, #470, .T. ) ;
#817 = FACE_OUTER_BOUND ( 'NONE', #665, .T. ) ;
#818 = EDGE_CURVE ( 'NONE', #763, #1569, #701, .T. ) ;
#819 = FACE_OUTER_BOUND ( 'NONE', #1030, .T. ) ;
#820 = CIRCLE ( 'NONE', #1264, 1.000000000000000000 ) ;
#821 = ORIENTED_EDGE ( 'NONE', *, *, #20, .F. ) ;
#822 = SURFACE_STYLE_USAGE ( .BOTH. , #34 ) ;
#823 = CYLINDRICAL_SURFACE ( 'NONE', #1628, 0.7500000000000006661 ) ;
#824 = ORIENTED_EDGE ( 'NONE', *, *, #381, .T. ) ;
#825 = CARTESIAN_POINT ( 'NONE',  ( 0.000000000000000000, 6.500000000000000000, 8.900000000000000355 ) ) ;
#826 = DIRECTION ( 'NONE',  ( 0.000000000000000000, 0.000000000000000000, -1.000000000000000000 ) ) ;
#827 = EDGE_CURVE ( 'NONE', #271, #509, #1168, .T. ) ;
#828 = VERTEX_POINT ( 'NONE', #270 ) ;
#829 = UNCERTAINTY_MEASURE_WITH_UNIT (LENGTH_MEASURE( 1.000000000000000082E-05 ), #911, 'distance_accuracy_value', 'NONE');
#830 = CARTESIAN_POINT ( 'NONE',  ( -4.200000000000000178, 0.000000000000000000, -7.450000000000000178 ) ) ;
#831 = AXIS2_PLACEMENT_3D ( 'NONE', #830, #301, #59 ) ;
#832 = EDGE_LOOP ( 'NONE', ( #517, #133, #1298, #1625 ) ) ;
#833 = STYLED_ITEM ( 'NONE', ( #635 ), #1091 ) ;
#834 = SURFACE_SIDE_STYLE ('',( #966 ) ) ;
#835 = ORIENTED_EDGE ( 'NONE', *, *, #381, .F. ) ;
#836 = DIRECTION ( 'NONE',  ( 0.000000000000000000, 0.000000000000000000, -1.000000000000000000 ) ) ;
#837 = EDGE_CURVE ( 'NONE', #497, #798, #53, .T. ) ;
#838 = DIRECTION ( 'NONE',  ( 0.000000000000000000, -1.000000000000000000, 0.000000000000000000 ) ) ;
#839 = LINE ( 'NONE', #1371, #656 ) ;
#840 = ORIENTED_EDGE ( 'NONE', *, *, #899, .T. ) ;
#841 = CIRCLE ( 'NONE', #1366, 0.7500000000000006661 ) ;
#842 = CARTESIAN_POINT ( 'NONE',  ( 7.230000000000000426, 0.000000000000000000, -10.59999999999999964 ) ) ;
#843 = CIRCLE ( 'NONE', #369, 0.9999999999999991118 ) ;
#844 = ORIENTED_EDGE ( 'NONE', *, *, #780, .T. ) ;
#845 = CIRCLE ( 'NONE', #343, 0.9999999999999991118 ) ;
#846 = DIRECTION ( 'NONE',  ( 0.000000000000000000, -0.000000000000000000, -1.000000000000000000 ) ) ;
#847 = AXIS2_PLACEMENT_3D ( 'NONE', #950, #304, #940 ) ;
#848 = ADVANCED_FACE ( 'NONE', ( #788 ), #395, .T. ) ;
#849 = DIRECTION ( 'NONE',  ( 0.000000000000000000, 1.000000000000000000, 0.000000000000000000 ) ) ;
#850 = DIRECTION ( 'NONE',  ( 0.000000000000000000, -1.000000000000000000, 0.000000000000000000 ) ) ;
#851 = EDGE_CURVE ( 'NONE', #149, #1065, #1315, .T. ) ;
#852 = VERTEX_POINT ( 'NONE', #959 ) ;
#853 = DIRECTION ( 'NONE',  ( 0.000000000000000000, 0.8660254037844288266, 0.5000000000000169864 ) ) ;
#854 = LINE ( 'NONE', #10, #1199 ) ;
#855 = VERTEX_POINT ( 'NONE', #1217 ) ;
#856 = CARTESIAN_POINT ( 'NONE',  ( 0.000000000000000000, 12.09999999999999964, 3.836047190432000153 ) ) ;
#857 = DIRECTION ( 'NONE',  ( 0.000000000000000000, 0.000000000000000000, 1.000000000000000000 ) ) ;
#858 = VECTOR ( 'NONE', #1071, 1000.000000000000000 ) ;
#859 = DIRECTION ( 'NONE',  ( 0.000000000000000000, -1.000000000000000000, 0.000000000000000000 ) ) ;
#860 = ORIENTED_EDGE ( 'NONE', *, *, #1634, .T. ) ;
#861 = EDGE_CURVE ( 'NONE', #678, #109, #403, .T. ) ;
#862 = VECTOR ( 'NONE', #1084, 1000.000000000000000 ) ;
#863 = AXIS2_PLACEMENT_3D ( 'NONE', #1313, #685, #172 ) ;
#864 = SURFACE_SIDE_STYLE ('',( #612 ) ) ;
#865 = ORIENTED_EDGE ( 'NONE', *, *, #451, .T. ) ;
#866 = CARTESIAN_POINT ( 'NONE',  ( -4.200000000000000178, 0.000000000000000000, -5.000000000000000000 ) ) ;
#867 = DIRECTION ( 'NONE',  ( 0.000000000000000000, -1.000000000000000000, 0.000000000000000000 ) ) ;
#868 = DIRECTION ( 'NONE',  ( 0.000000000000000000, 0.000000000000000000, -1.000000000000000000 ) ) ;
#869 = ORIENTED_EDGE ( 'NONE', *, *, #1093, .T. ) ;
#870 = SURFACE_STYLE_USAGE ( .BOTH. , #1122 ) ;
#871 = CARTESIAN_POINT ( 'NONE',  ( 0.000000000000000000, -4.000000000000000000, 0.000000000000000000 ) ) ;
#872 = EDGE_CURVE ( 'NONE', #1449, #901, #128, .T. ) ;
#873 = DIRECTION ( 'NONE',  ( 0.000000000000000000, -1.000000000000000000, 0.000000000000000000 ) ) ;
#874 = VECTOR ( 'NONE', #1645, 1000.000000000000000 ) ;
#875 = DIRECTION ( 'NONE',  ( 0.000000000000000000, 0.000000000000000000, -1.000000000000000000 ) ) ;
#876 = DIRECTION ( 'NONE',  ( 0.000000000000000000, -1.000000000000000000, 0.000000000000000000 ) ) ;
#877 = AXIS2_PLACEMENT_3D ( 'NONE', #1391, #464, #600 ) ;
#878 = ORIENTED_EDGE ( 'NONE', *, *, #1218, .T. ) ;
#879 = DIRECTION ( 'NONE',  ( 0.000000000000000000, -1.000000000000000000, 0.000000000000000000 ) ) ;
#880 = EDGE_CURVE ( 'NONE', #678, #1312, #411, .T. ) ;
#881 = FACE_OUTER_BOUND ( 'NONE', #1610, .T. ) ;
#882 = DIRECTION ( 'NONE',  ( 0.000000000000000000, -1.000000000000000000, 0.000000000000000000 ) ) ;
#883 = COLOUR_RGB ( '',0.2509803921568627416, 0.2509803921568627416, 0.2509803921568627416 ) ;
#884 = SURFACE_STYLE_FILL_AREA ( #1029 ) ;
#885 = CIRCLE ( 'NONE', #94, 5.599999999999999645 ) ;
#886 = DIRECTION ( 'NONE',  ( 0.000000000000000000, -1.000000000000000000, 0.000000000000000000 ) ) ;
#887 =( LENGTH_UNIT ( ) NAMED_UNIT ( * ) SI_UNIT ( .MILLI., .METRE. ) );
#888 = APPLICATION_CONTEXT ( 'automotive_design' ) ;
#889 = AXIS2_PLACEMENT_3D ( 'NONE', #43, #838, #203 ) ;
#890 = DIRECTION ( 'NONE',  ( 0.000000000000000000, -1.000000000000000000, 0.000000000000000000 ) ) ;
#891 = ORIENTED_EDGE ( 'NONE', *, *, #240, .F. ) ;
#892 = DIRECTION ( 'NONE',  ( 0.000000000000000000, -1.000000000000000000, 0.000000000000000000 ) ) ;
#893 = ADVANCED_FACE ( 'NONE', ( #1082 ), #293, .T. ) ;
#894 = ORIENTED_EDGE ( 'NONE', *, *, #1583, .F. ) ;
#895 = FACE_OUTER_BOUND ( 'NONE', #433, .T. ) ;
#896 = VERTEX_POINT ( 'NONE', #55 ) ;
#897 = CARTESIAN_POINT ( 'NONE',  ( 0.000000000000000000, 0.000000000000000000, -21.39999999999999858 ) ) ;
#898 = VECTOR ( 'NONE', #772, 1000.000000000000000 ) ;
#899 = EDGE_CURVE ( 'NONE', #792, #1493, #1581, .T. ) ;
#900 = AXIS2_PLACEMENT_3D ( 'NONE', #542, #123, #522 ) ;
#901 = VERTEX_POINT ( 'NONE', #815 ) ;
#902 = AXIS2_PLACEMENT_3D ( 'NONE', #1244, #629, #1251 ) ;
#903 = ORIENTED_EDGE ( 'NONE', *, *, #454, .F. ) ;
#904 = CARTESIAN_POINT ( 'NONE',  ( 0.000000000000000000, 6.500000000000000000, -22.84999999999999787 ) ) ;
#905 = ORIENTED_EDGE ( 'NONE', *, *, #331, .T. ) ;
#906 = LINE ( 'NONE', #253, #1320 ) ;
#907 = ORIENTED_EDGE ( 'NONE', *, *, #1162, .T. ) ;
#908 = SURFACE_SIDE_STYLE ('',( #884 ) ) ;
#909 = CIRCLE ( 'NONE', #294, 0.7500000000000006661 ) ;
#910 = VERTEX_POINT ( 'NONE', #943 ) ;
#911 =( LENGTH_UNIT ( ) NAMED_UNIT ( * ) SI_UNIT ( .MILLI., .METRE. ) );
#912 = DIRECTION ( 'NONE',  ( 0.000000000000000000, -1.000000000000000000, 0.000000000000000000 ) ) ;
#913 = CIRCLE ( 'NONE', #461, 0.7500000000000006661 ) ;
#914 = ORIENTED_EDGE ( 'NONE', *, *, #88, .F. ) ;
#915 = DIRECTION ( 'NONE',  ( 0.000000000000000000, -1.000000000000000000, 0.000000000000000000 ) ) ;
#916 = UNCERTAINTY_MEASURE_WITH_UNIT (LENGTH_MEASURE( 1.000000000000000082E-05 ), #660, 'distance_accuracy_value', 'NONE');
#917 = ORIENTED_EDGE ( 'NONE', *, *, #299, .F. ) ;
#918 = VECTOR ( 'NONE', #264, 1000.000000000000000 ) ;
#919 = VERTEX_POINT ( 'NONE', #694 ) ;
#920 = CYLINDRICAL_SURFACE ( 'NONE', #104, 0.7500000000000006661 ) ;
#921 = COLOUR_RGB ( '',0.7921568627450980005, 0.8196078431372548767, 0.9333333333333333481 ) ;
#922 = EDGE_CURVE ( 'NONE', #722, #769, #627, .T. ) ;
#923 = DIRECTION ( 'NONE',  ( 0.000000000000000000, -0.8660254037844288266, 0.5000000000000169864 ) ) ;
#924 = EDGE_CURVE ( 'NONE', #1418, #527, #447, .T. ) ;
#925 = ORIENTED_EDGE ( 'NONE', *, *, #1022, .F. ) ;
#926 = PLANE ( 'NONE',  #16 ) ;
#927 = ORIENTED_EDGE ( 'NONE', *, *, #683, .T. ) ;
#928 = VECTOR ( 'NONE', #857, 1000.000000000000000 ) ;
#929 = ORIENTED_EDGE ( 'NONE', *, *, #573, .F. ) ;
#930 = DIRECTION ( 'NONE',  ( 0.000000000000000000, 0.000000000000000000, -1.000000000000000000 ) ) ;
#931 = CARTESIAN_POINT ( 'NONE',  ( -4.200000000000000178, 0.000000000000000000, -16.94999999999999929 ) ) ;
#932 = LINE ( 'NONE', #1452, #1026 ) ;
#933 = ORIENTED_EDGE ( 'NONE', *, *, #693, .T. ) ;
#934 = CARTESIAN_POINT ( 'NONE',  ( 0.000000000000000000, 3.250000000000000000, 0.000000000000000000 ) ) ;
#935 = ADVANCED_FACE ( 'NONE', ( #568 ), #441, .F. ) ;
#936 = PRODUCT_DEFINITION_CONTEXT ( 'detailed design', #579, 'design' ) ;
#937 = CARTESIAN_POINT ( 'NONE',  ( 7.230000000000000426, 0.000000000000000000, -16.19999999999999929 ) ) ;
#938 = EDGE_LOOP ( 'NONE', ( #1227, #1000, #1606, #1339 ) ) ;
#939 = LINE ( 'NONE', #1246, #383 ) ;
#940 = DIRECTION ( 'NONE',  ( 0.000000000000000000, 0.000000000000000000, -1.000000000000000000 ) ) ;
#941 =( GEOMETRIC_REPRESENTATION_CONTEXT ( 3 ) GLOBAL_UNCERTAINTY_ASSIGNED_CONTEXT ( ( #397 ) ) GLOBAL_UNIT_ASSIGNED_CONTEXT ( ( #96, #335, #734 ) ) REPRESENTATION_CONTEXT ( 'NONE', 'WORKASPACE' ) );
#942 = AXIS2_PLACEMENT_3D ( 'NONE', #1434, #890, #1539 ) ;
#943 = CARTESIAN_POINT ( 'NONE',  ( 5.100000000000000533, -2.000000000000000000, -12.30000000000000071 ) ) ;
#944 = ORIENTED_EDGE ( 'NONE', *, *, #1616, .F. ) ;
#945 = DIRECTION ( 'NONE',  ( 0.000000000000000000, 1.000000000000000000, 0.000000000000000000 ) ) ;
#946 = AXIS2_PLACEMENT_3D ( 'NONE', #690, #538, #1120 ) ;
#947 = EDGE_CURVE ( 'NONE', #1169, #642, #51, .T. ) ;
#948 = CARTESIAN_POINT ( 'NONE',  ( 0.000000000000000000, 6.500000000000000000, -21.22361162513000110 ) ) ;
#949 = CIRCLE ( 'NONE', #1229, 0.2999999999999999334 ) ;
#950 = CARTESIAN_POINT ( 'NONE',  ( -4.200000000000000178, 0.000000000000000000, -16.94999999999999929 ) ) ;
#951 = AXIS2_PLACEMENT_3D ( 'NONE', #255, #1275, #140 ) ;
#952 = CARTESIAN_POINT ( 'NONE',  ( 0.000000000000000000, 6.500000000000000000, -24.29999999999999716 ) ) ;
#953 = ORIENTED_EDGE ( 'NONE', *, *, #1045, .F. ) ;
#954 = CARTESIAN_POINT ( 'NONE',  ( 0.000000000000000000, 6.500000000000000000, 0.000000000000000000 ) ) ;
#955 = CARTESIAN_POINT ( 'NONE',  ( 7.230000000000000426, -4.000000000000000000, -9.849999999999999645 ) ) ;
#956 = CARTESIAN_POINT ( 'NONE',  ( -6.429999999999999716, 0.000000000000000000, -21.39999999999999858 ) ) ;
#957 = ADVANCED_FACE ( 'NONE', ( #819 ), #298, .T. ) ;
#958 = COLOUR_RGB ( '',0.7921568627450980005, 0.8196078431372548767, 0.9333333333333333481 ) ;
#959 = CARTESIAN_POINT ( 'NONE',  ( -3.250000000000000000, 6.500000000000000000, 0.000000000000000000 ) ) ;
#960 = ORIENTED_EDGE ( 'NONE', *, *, #228, .T. ) ;
#961 = CARTESIAN_POINT ( 'NONE',  ( -4.200000000000000178, 0.000000000000000000, -9.849999999999999645 ) ) ;
#962 = DIRECTION ( 'NONE',  ( -1.000000000000000000, 0.000000000000000000, 0.000000000000000000 ) ) ;
#963 = EDGE_LOOP ( 'NONE', ( #1325, #865 ) ) ;
#964 = CARTESIAN_POINT ( 'NONE',  ( 0.000000000000000000, 6.500000000000000000, -21.39999999999999858 ) ) ;
#965 = EDGE_CURVE ( 'NONE', #776, #322, #698, .T. ) ;
#966 = SURFACE_STYLE_FILL_AREA ( #227 ) ;
#967 = AXIS2_PLACEMENT_3D ( 'NONE', #842, #1115, #1258 ) ;
#968 = ORIENTED_EDGE ( 'NONE', *, *, #287, .T. ) ;
#969 = FILL_AREA_STYLE ('',( #582 ) ) ;
#970 = DIRECTION ( 'NONE',  ( 0.000000000000000000, -1.000000000000000000, 0.000000000000000000 ) ) ;
#971 = CARTESIAN_POINT ( 'NONE',  ( -4.200000000000000178, 0.000000000000000000, -10.59999999999999964 ) ) ;
#972 = VECTOR ( 'NONE', #867, 1000.000000000000000 ) ;
#973 = CIRCLE ( 'NONE', #1277, 4.450000000000000178 ) ;
#974 = DIRECTION ( 'NONE',  ( 0.000000000000000000, 0.000000000000000000, -1.000000000000000000 ) ) ;
#975 = ADVANCED_FACE ( 'NONE', ( #1225 ), #421, .T. ) ;
#976 = ORIENTED_EDGE ( 'NONE', *, *, #1237, .F. ) ;
#977 = LINE ( 'NONE', #89, #1183 ) ;
#978 = PRESENTATION_LAYER_ASSIGNMENT (  '', '', ( #1068 ) ) ;
#979 = ADVANCED_FACE ( 'NONE', ( #552 ), #806, .T. ) ;
#980 = DIRECTION ( 'NONE',  ( -1.000000000000000000, 0.000000000000000000, 0.000000000000000000 ) ) ;
#981 = CARTESIAN_POINT ( 'NONE',  ( -6.429999999999999716, 0.000000000000000000, -21.39999999999999858 ) ) ;
#982 = ORIENTED_EDGE ( 'NONE', *, *, #88, .T. ) ;
#983 = SURFACE_STYLE_USAGE ( .BOTH. , #205 ) ;
#984 = CYLINDRICAL_SURFACE ( 'NONE', #284, 0.7499999999999997780 ) ;
#985 = CARTESIAN_POINT ( 'NONE',  ( 7.230000000000000426, 0.000000000000000000, -16.94999999999999929 ) ) ;
#986 = COLOUR_RGB ( '',0.7921568627450980005, 0.8196078431372548767, 0.9333333333333333481 ) ;
#987 = VECTOR ( 'NONE', #1603, 1000.000000000000000 ) ;
#988 = ORIENTED_EDGE ( 'NONE', *, *, #364, .T. ) ;
#989 = AXIS2_PLACEMENT_3D ( 'NONE', #1528, #107, #496 ) ;
#990 = DIRECTION ( 'NONE',  ( 0.000000000000000000, -1.000000000000000000, 0.000000000000000000 ) ) ;
#991 = CIRCLE ( 'NONE', #1640, 1.499999999999999556 ) ;
#992 = AXIS2_PLACEMENT_3D ( 'NONE', #871, #1379, #621 ) ;
#993 = CARTESIAN_POINT ( 'NONE',  ( 0.000000000000000000, -2.000000000000000000, 0.000000000000000000 ) ) ;
#994 = EDGE_CURVE ( 'NONE', #1209, #322, #932, .T. ) ;
#995 = DIRECTION ( 'NONE',  ( 0.000000000000000000, -1.000000000000000000, 0.000000000000000000 ) ) ;
#996 = ORIENTED_EDGE ( 'NONE', *, *, #30, .F. ) ;
#997 = CARTESIAN_POINT ( 'NONE',  ( 0.000000000000000000, 6.500000000000000000, 8.900000000000000355 ) ) ;
#998 = CARTESIAN_POINT ( 'NONE',  ( -6.429999999999999716, 12.69999999999999929, -21.39999999999999858 ) ) ;
#999 = CYLINDRICAL_SURFACE ( 'NONE', #508, 0.9999999999999991118 ) ;
#1000 = ORIENTED_EDGE ( 'NONE', *, *, #583, .F. ) ;
#1001 = FACE_OUTER_BOUND ( 'NONE', #832, .T. ) ;
#1002 = CARTESIAN_POINT ( 'NONE',  ( 0.000000000000000000, 6.500000000000000000, 8.900000000000000355 ) ) ;
#1003 = PLANE ( 'NONE',  #1154 ) ;
#1004 = EDGE_CURVE ( 'NONE', #412, #855, #1223, .T. ) ;
#1005 = ORIENTED_EDGE ( 'NONE', *, *, #492, .F. ) ;
#1006 = FILL_AREA_STYLE ('',( #218 ) ) ;
#1007 = CARTESIAN_POINT ( 'NONE',  ( 7.230000000000000426, -4.000000000000000000, -10.59999999999999964 ) ) ;
#1008 = CLOSED_SHELL ( 'NONE', ( #1113, #1507, #1614, #1523 ) ) ;
#1009 = DIRECTION ( 'NONE',  ( 0.000000000000000000, -1.000000000000000000, 0.000000000000000000 ) ) ;
#1010 = DIRECTION ( 'NONE',  ( 0.000000000000000000, 0.000000000000000000, -1.000000000000000000 ) ) ;
#1011 = ORIENTED_EDGE ( 'NONE', *, *, #422, .F. ) ;
#1012 = DIRECTION ( 'NONE',  ( 0.000000000000000000, -1.000000000000000000, 0.000000000000000000 ) ) ;
#1013 =( LENGTH_UNIT ( ) NAMED_UNIT ( * ) SI_UNIT ( .MILLI., .METRE. ) );
#1014 = ADVANCED_FACE ( 'NONE', ( #1525 ), #1137, .T. ) ;
#1015 = CARTESIAN_POINT ( 'NONE',  ( 0.000000000000000000, 9.750000000000000000, 8.400000000000000355 ) ) ;
#1016 = CONICAL_SURFACE ( 'NONE', #92, 3.824999999999999289, 0.2204937613665427232 ) ;
#1017 = AXIS2_PLACEMENT_3D ( 'NONE', #209, #1536, #868 ) ;
#1018 = EDGE_LOOP ( 'NONE', ( #925, #711 ) ) ;
#1019 = AXIS2_PLACEMENT_3D ( 'NONE', #1007, #1118, #479 ) ;
#1020 = ORIENTED_EDGE ( 'NONE', *, *, #150, .T. ) ;
#1021 = CARTESIAN_POINT ( 'NONE',  ( 7.230000000000000426, 0.000000000000000000, -9.849999999999999645 ) ) ;
#1022 = EDGE_CURVE ( 'NONE', #1574, #138, #909, .T. ) ;
#1023 = DIRECTION ( 'NONE',  ( 0.000000000000000000, 0.000000000000000000, -1.000000000000000000 ) ) ;
#1024 = CARTESIAN_POINT ( 'NONE',  ( -4.200000000000000178, 0.000000000000000000, -17.69999999999999929 ) ) ;
#1025 = DIRECTION ( 'NONE',  ( 0.000000000000000000, 0.000000000000000000, -1.000000000000000000 ) ) ;
#1026 = VECTOR ( 'NONE', #687, 1000.000000000000114 ) ;
#1027 = MECHANICAL_DESIGN_GEOMETRIC_PRESENTATION_REPRESENTATION (  '', ( #156 ), #378 ) ;
#1028 = ORIENTED_EDGE ( 'NONE', *, *, #1483, .F. ) ;
#1029 = FILL_AREA_STYLE ('',( #1158 ) ) ;
#1030 = EDGE_LOOP ( 'NONE', ( #1415, #914, #9, #824 ) ) ;
#1031 = PRESENTATION_STYLE_ASSIGNMENT (( #520 ) ) ;
#1032 = CIRCLE ( 'NONE', #831, 0.9999999999999991118 ) ;
#1033 = DIRECTION ( 'NONE',  ( 0.000000000000000000, 0.000000000000000000, -1.000000000000000000 ) ) ;
#1034 = ORIENTED_EDGE ( 'NONE', *, *, #899, .F. ) ;
#1035 = CARTESIAN_POINT ( 'NONE',  ( -4.200000000000000178, 0.000000000000000000, -16.19999999999999929 ) ) ;
#1036 = EDGE_CURVE ( 'NONE', #1077, #896, #1248, .T. ) ;
#1037 =( GEOMETRIC_REPRESENTATION_CONTEXT ( 3 ) GLOBAL_UNCERTAINTY_ASSIGNED_CONTEXT ( ( #1567 ) ) GLOBAL_UNIT_ASSIGNED_CONTEXT ( ( #1136, #1522, #102 ) ) REPRESENTATION_CONTEXT ( 'NONE', 'WORKASPACE' ) );
#1038 = ORIENTED_EDGE ( 'NONE', *, *, #837, .F. ) ;
#1039 = FACE_OUTER_BOUND ( 'NONE', #695, .T. ) ;
#1040 = EDGE_LOOP ( 'NONE', ( #117, #136, #171, #988 ) ) ;
#1041 = SURFACE_SIDE_STYLE ('',( #387 ) ) ;
#1042 = CARTESIAN_POINT ( 'NONE',  ( -4.200000000000000178, 0.000000000000000000, -10.59999999999999964 ) ) ;
#1043 = DIRECTION ( 'NONE',  ( 0.000000000000000000, -1.000000000000000000, 0.000000000000000000 ) ) ;
#1044 = PRESENTATION_LAYER_ASSIGNMENT (  '', '', ( #1241 ) ) ;
#1045 = EDGE_CURVE ( 'NONE', #653, #168, #1300, .T. ) ;
#1046 = VECTOR ( 'NONE', #1138, 1000.000000000000000 ) ;
#1047 = ORIENTED_EDGE ( 'NONE', *, *, #693, .F. ) ;
#1048 = AXIS2_PLACEMENT_3D ( 'NONE', #740, #1148, #995 ) ;
#1049 = AXIS2_PLACEMENT_3D ( 'NONE', #1172, #1308, #380 ) ;
#1050 = ORIENTED_EDGE ( 'NONE', *, *, #4, .T. ) ;
#1051 = DIRECTION ( 'NONE',  ( 0.000000000000000000, -1.000000000000000000, 0.000000000000000000 ) ) ;
#1052 = FACE_OUTER_BOUND ( 'NONE', #285, .T. ) ;
#1053 = ORIENTED_EDGE ( 'NONE', *, *, #98, .F. ) ;
#1054 = DIRECTION ( 'NONE',  ( 0.000000000000000000, -1.000000000000000000, 0.000000000000000000 ) ) ;
#1055 = ORIENTED_EDGE ( 'NONE', *, *, #633, .T. ) ;
#1056 = ADVANCED_FACE ( 'NONE', ( #477 ), #999, .T. ) ;
#1057 = COLOUR_RGB ( '',0.7921568627450980005, 0.8196078431372548767, 0.9333333333333333481 ) ;
#1058 = ORIENTED_EDGE ( 'NONE', *, *, #230, .T. ) ;
#1059 = CYLINDRICAL_SURFACE ( 'NONE', #1410, 0.7500000000000006661 ) ;
#1060 = DIRECTION ( 'NONE',  ( 0.000000000000000000, 0.000000000000000000, -1.000000000000000000 ) ) ;
#1061 = AXIS2_PLACEMENT_3D ( 'NONE', #1401, #367, #1496 ) ;
#1062 = EDGE_LOOP ( 'NONE', ( #1256, #1590, #1424, #968 ) ) ;
#1063 = DIRECTION ( 'NONE',  ( 0.000000000000000000, 0.000000000000000000, -1.000000000000000000 ) ) ;
#1064 = ORIENTED_EDGE ( 'NONE', *, *, #501, .F. ) ;
#1065 = VERTEX_POINT ( 'NONE', #1380 ) ;
#1066 = PRODUCT_RELATED_PRODUCT_CATEGORY ( 'part', '', ( #211 ) ) ;
#1067 = DIRECTION ( 'NONE',  ( 0.000000000000000000, -1.000000000000000000, 0.000000000000000000 ) ) ;
#1068 = STYLED_ITEM ( 'NONE', ( #1511 ), #1635 ) ;
#1069 = CARTESIAN_POINT ( 'NONE',  ( 0.000000000000000000, 3.250000000000000000, 8.400000000000000355 ) ) ;
#1070 = ADVANCED_FACE ( 'NONE', ( #1513 ), #1492, .T. ) ;
#1071 = DIRECTION ( 'NONE',  ( 0.000000000000000000, 0.000000000000000000, 1.000000000000000000 ) ) ;
#1072 = VERTEX_POINT ( 'NONE', #721 ) ;
#1073 = DIRECTION ( 'NONE',  ( 0.000000000000000000, -1.000000000000000000, 0.000000000000000000 ) ) ;
#1074 = MANIFOLD_SOLID_BREP ( 'Split1[8]', #490 ) ;
#1075 = AXIS2_PLACEMENT_3D ( 'NONE', #413, #672, #1445 ) ;
#1076 = CIRCLE ( 'NONE', #1473, 0.7500000000000006661 ) ;
#1077 = VERTEX_POINT ( 'NONE', #1647 ) ;
#1078 = DIRECTION ( 'NONE',  ( 0.000000000000000000, -1.000000000000000000, 0.000000000000000000 ) ) ;
#1079 = TOROIDAL_SURFACE ( 'NONE', #902, 3.750000000000000000, 0.5000000000000000000 ) ;
#1080 = CARTESIAN_POINT ( 'NONE',  ( -4.200000000000000178, 0.000000000000000000, -3.500000000000000000 ) ) ;
#1081 = MANIFOLD_SOLID_BREP ( 'Split1[3]', #58 ) ;
#1082 = FACE_OUTER_BOUND ( 'NONE', #1090, .T. ) ;
#1083 = EDGE_CURVE ( 'NONE', #1435, #1203, #854, .T. ) ;
#1084 = DIRECTION ( 'NONE',  ( 0.000000000000000000, 1.000000000000000000, 0.000000000000000000 ) ) ;
#1085 = MANIFOLD_SOLID_BREP ( 'Split1[4]', #1233 ) ;
#1086 = EDGE_LOOP ( 'NONE', ( #794, #1038, #929, #152 ) ) ;
#1087 = DIRECTION ( 'NONE',  ( -0.000000000000000000, 1.000000000000000000, 0.000000000000000000 ) ) ;
#1088 = VECTOR ( 'NONE', #580, 1000.000000000000114 ) ;
#1089 = AXIS2_PLACEMENT_3D ( 'NONE', #1469, #281, #704 ) ;
#1090 = EDGE_LOOP ( 'NONE', ( #1020, #1201 ) ) ;
#1091 = MANIFOLD_SOLID_BREP ( 'Split1[2]', #1437 ) ;
#1092 = LINE ( 'NONE', #679, #987 ) ;
#1093 = EDGE_CURVE ( 'NONE', #14, #61, #453, .T. ) ;
#1094 = AXIS2_PLACEMENT_3D ( 'NONE', #555, #1589, #426 ) ;
#1095 = TOROIDAL_SURFACE ( 'NONE', #577, 4.150000000000000355, 0.2999999999999999889 ) ;
#1096 = CARTESIAN_POINT ( 'NONE',  ( -4.200000000000000178, 0.000000000000000000, -7.450000000000000178 ) ) ;
#1097 = DIRECTION ( 'NONE',  ( 1.000000000000000000, 0.000000000000000000, 0.000000000000000000 ) ) ;
#1098 = ORIENTED_EDGE ( 'NONE', *, *, #1131, .F. ) ;
#1099 = CARTESIAN_POINT ( 'NONE',  ( 7.230000000000000426, -4.000000000000000000, -10.59999999999999964 ) ) ;
#1100 = DIRECTION ( 'NONE',  ( 0.000000000000000000, -1.000000000000000000, 0.000000000000000000 ) ) ;
#1101 = ORIENTED_EDGE ( 'NONE', *, *, #1083, .T. ) ;
#1102 = LINE ( 'NONE', #1342, #682 ) ;
#1103 = EDGE_CURVE ( 'NONE', #1449, #15, #510, .T. ) ;
#1104 = AXIS2_PLACEMENT_3D ( 'NONE', #1327, #154, #814 ) ;
#1105 = ORIENTED_EDGE ( 'NONE', *, *, #922, .T. ) ;
#1106 = DIRECTION ( 'NONE',  ( 0.000000000000000000, 1.000000000000000000, 0.000000000000000000 ) ) ;
#1107 = CARTESIAN_POINT ( 'NONE',  ( -4.200000000000000178, 0.000000000000000000, -4.250000000000000000 ) ) ;
#1108 = ORIENTED_EDGE ( 'NONE', *, *, #1354, .F. ) ;
#1109 = FACE_OUTER_BOUND ( 'NONE', #483, .T. ) ;
#1110 = FACE_BOUND ( 'NONE', #1243, .T. ) ;
#1111 = FACE_OUTER_BOUND ( 'NONE', #57, .T. ) ;
#1112 = VERTEX_POINT ( 'NONE', #1562 ) ;
#1113 = ADVANCED_FACE ( 'NONE', ( #1404 ), #1345, .F. ) ;
#1114 = CARTESIAN_POINT ( 'NONE',  ( 9.320000000000000284, 0.000000000000000000, -21.39999999999999858 ) ) ;
#1115 = DIRECTION ( 'NONE',  ( 0.000000000000000000, -1.000000000000000000, 0.000000000000000000 ) ) ;
#1116 = ADVANCED_FACE ( 'NONE', ( #1111 ), #604, .T. ) ;
#1117 = ORIENTED_EDGE ( 'NONE', *, *, #1653, .T. ) ;
#1118 = DIRECTION ( 'NONE',  ( 0.000000000000000000, -1.000000000000000000, 0.000000000000000000 ) ) ;
#1119 = CARTESIAN_POINT ( 'NONE',  ( 7.230000000000000426, 0.000000000000000000, -3.500000000000000000 ) ) ;
#1120 = DIRECTION ( 'NONE',  ( 0.000000000000000000, -0.000000000000000000, -1.000000000000000000 ) ) ;
#1121 =( GEOMETRIC_REPRESENTATION_CONTEXT ( 3 ) GLOBAL_UNCERTAINTY_ASSIGNED_CONTEXT ( ( #592 ) ) GLOBAL_UNIT_ASSIGNED_CONTEXT ( ( #887, #401, #528 ) ) REPRESENTATION_CONTEXT ( 'NONE', 'WORKASPACE' ) );
#1122 = SURFACE_SIDE_STYLE ('',( #345 ) ) ;
#1123 = ORIENTED_EDGE ( 'NONE', *, *, #1530, .T. ) ;
#1124 = DIRECTION ( 'NONE',  ( 0.000000000000000000, -1.000000000000000000, 0.000000000000000000 ) ) ;
#1125 = CARTESIAN_POINT ( 'NONE',  ( 0.000000000000000000, 6.500000000000000000, 4.500000000000000000 ) ) ;
#1126 = CARTESIAN_POINT ( 'NONE',  ( 0.000000000000000000, 10.00000000000000000, -24.29999999999999716 ) ) ;
#1127 = VERTEX_POINT ( 'NONE', #153 ) ;
#1128 = SURFACE_STYLE_FILL_AREA ( #1006 ) ;
#1129 = VERTEX_POINT ( 'NONE', #787 ) ;
#1130 = CARTESIAN_POINT ( 'NONE',  ( 0.000000000000000000, 2.350000000000000089, -21.39999999999999858 ) ) ;
#1131 = EDGE_CURVE ( 'NONE', #1602, #507, #939, .T. ) ;
#1132 = AXIS2_PLACEMENT_3D ( 'NONE', #745, #1494, #1261 ) ;
#1133 = FACE_OUTER_BOUND ( 'NONE', #599, .T. ) ;
#1134 = CARTESIAN_POINT ( 'NONE',  ( -4.200000000000000178, 0.000000000000000000, -5.000000000000000000 ) ) ;
#1135 = ORIENTED_EDGE ( 'NONE', *, *, #1483, .T. ) ;
#1136 =( LENGTH_UNIT ( ) NAMED_UNIT ( * ) SI_UNIT ( .MILLI., .METRE. ) );
#1137 = CYLINDRICAL_SURFACE ( 'NONE', #967, 0.7500000000000006661 ) ;
#1138 = DIRECTION ( 'NONE',  ( 0.000000000000000000, 0.000000000000000000, -1.000000000000000000 ) ) ;
#1139 = MECHANICAL_DESIGN_GEOMETRIC_PRESENTATION_REPRESENTATION (  '', ( #188 ), #941 ) ;
#1140 = DIRECTION ( 'NONE',  ( 0.000000000000000000, -1.000000000000000000, 0.000000000000000000 ) ) ;
#1141 = VECTOR ( 'NONE', #797, 1000.000000000000000 ) ;
#1142 = DIRECTION ( 'NONE',  ( 0.000000000000000000, -1.000000000000000000, 0.000000000000000000 ) ) ;
#1143 = EDGE_CURVE ( 'NONE', #507, #852, #215, .T. ) ;
#1144 = DIRECTION ( 'NONE',  ( 0.000000000000000000, -1.000000000000000000, 0.000000000000000000 ) ) ;
#1145 =( NAMED_UNIT ( * ) PLANE_ANGLE_UNIT ( ) SI_UNIT ( $, .RADIAN. ) );
#1146 = CARTESIAN_POINT ( 'NONE',  ( -4.200000000000000178, -4.000000000000000000, -16.94999999999999929 ) ) ;
#1147 = DIRECTION ( 'NONE',  ( 0.000000000000000000, -1.000000000000000000, 0.000000000000000000 ) ) ;
#1148 = DIRECTION ( 'NONE',  ( 0.000000000000000000, 0.000000000000000000, -1.000000000000000000 ) ) ;
#1149 = EDGE_LOOP ( 'NONE', ( #2, #1551, #1064, #1053 ) ) ;
#1150 = EDGE_CURVE ( 'NONE', #541, #1378, #1230, .T. ) ;
#1151 =( NAMED_UNIT ( * ) SI_UNIT ( $, .STERADIAN. ) SOLID_ANGLE_UNIT ( ) );
#1152 = CARTESIAN_POINT ( 'NONE',  ( 0.000000000000000000, 6.500000000000000000, 3.836047190432000153 ) ) ;
#1153 = CIRCLE ( 'NONE', #420, 0.7500000000000006661 ) ;
#1154 = AXIS2_PLACEMENT_3D ( 'NONE', #472, #1025, #850 ) ;
#1155 = ORIENTED_EDGE ( 'NONE', *, *, #1150, .F. ) ;
#1156 = FACE_OUTER_BOUND ( 'NONE', #688, .T. ) ;
#1157 = DIRECTION ( 'NONE',  ( 0.000000000000000000, -1.000000000000000000, 0.000000000000000000 ) ) ;
#1158 = FILL_AREA_STYLE_COLOUR ( '', #625 ) ;
#1159 = CARTESIAN_POINT ( 'NONE',  ( 0.000000000000000000, 2.050000000000000266, 8.599999999999999645 ) ) ;
#1160 = VERTEX_POINT ( 'NONE', #142 ) ;
#1161 = EDGE_CURVE ( 'NONE', #535, #1378, #28, .T. ) ;
#1162 = EDGE_CURVE ( 'NONE', #274, #1065, #658, .T. ) ;
#1163 = CARTESIAN_POINT ( 'NONE',  ( 7.230000000000000426, 0.000000000000000000, -17.69999999999999929 ) ) ;
#1164 = EDGE_LOOP ( 'NONE', ( #844, #336, #553, #626 ) ) ;
#1165 = CYLINDRICAL_SURFACE ( 'NONE', #1446, 3.250000000000000000 ) ;
#1166 = AXIS2_PLACEMENT_3D ( 'NONE', #167, #46, #1593 ) ;
#1167 = PRESENTATION_LAYER_ASSIGNMENT (  '', '', ( #156 ) ) ;
#1168 = CIRCLE ( 'NONE', #484, 5.599999999999999645 ) ;
#1169 = VERTEX_POINT ( 'NONE', #1578 ) ;
#1170 = ORIENTED_EDGE ( 'NONE', *, *, #162, .T. ) ;
#1171 = MECHANICAL_DESIGN_GEOMETRIC_PRESENTATION_REPRESENTATION (  '', ( #833 ), #1121 ) ;
#1172 = CARTESIAN_POINT ( 'NONE',  ( -6.429999999999999716, 0.000000000000000000, -21.39999999999999858 ) ) ;
#1173 = ADVANCED_FACE ( 'NONE', ( #23 ), #1095, .T. ) ;
#1174 = ORIENTED_EDGE ( 'NONE', *, *, #98, .T. ) ;
#1175 = LINE ( 'NONE', #12, #641 ) ;
#1176 = ORIENTED_EDGE ( 'NONE', *, *, #173, .F. ) ;
#1177 =( NAMED_UNIT ( * ) PLANE_ANGLE_UNIT ( ) SI_UNIT ( $, .RADIAN. ) );
#1178 = ORIENTED_EDGE ( 'NONE', *, *, #605, .T. ) ;
#1179 = DIRECTION ( 'NONE',  ( 0.000000000000000000, -1.000000000000000000, 0.000000000000000000 ) ) ;
#1180 = CARTESIAN_POINT ( 'NONE',  ( 7.230000000000000426, 0.000000000000000000, -7.450000000000000178 ) ) ;
#1181 = ADVANCED_FACE ( 'NONE', ( #795 ), #458, .T. ) ;
#1182 = UNCERTAINTY_MEASURE_WITH_UNIT (LENGTH_MEASURE( 1.000000000000000082E-05 ), #566, 'distance_accuracy_value', 'NONE');
#1183 = VECTOR ( 'NONE', #1526, 1000.000000000000000 ) ;
#1184 = LINE ( 'NONE', #1332, #785 ) ;
#1185 = CIRCLE ( 'NONE', #1242, 3.250000000000000444 ) ;
#1186 = ORIENTED_EDGE ( 'NONE', *, *, #655, .F. ) ;
#1187 = DIRECTION ( 'NONE',  ( 0.000000000000000000, 0.000000000000000000, -1.000000000000000000 ) ) ;
#1188 = DIRECTION ( 'NONE',  ( 1.000000000000000000, 0.000000000000000000, 0.000000000000000000 ) ) ;
#1189 = ORIENTED_EDGE ( 'NONE', *, *, #364, .F. ) ;
#1190 = CARTESIAN_POINT ( 'NONE',  ( 0.000000000000000000, 6.500000000000000000, -22.84999999999999787 ) ) ;
#1191 = LINE ( 'NONE', #801, #918 ) ;
#1192 = APPLICATION_CONTEXT ( 'automotive_design' ) ;
#1193 = ADVANCED_FACE ( 'NONE', ( #1460 ), #1059, .T. ) ;
#1194 = AXIS2_PLACEMENT_3D ( 'NONE', #952, #1442, #314 ) ;
#1195 = CARTESIAN_POINT ( 'NONE',  ( -4.200000000000000178, 0.000000000000000000, -16.94999999999999929 ) ) ;
#1196 = ORIENTED_EDGE ( 'NONE', *, *, #258, .F. ) ;
#1197 = DIRECTION ( 'NONE',  ( 0.000000000000000000, -1.000000000000000000, 0.000000000000000000 ) ) ;
#1198 = DIRECTION ( 'NONE',  ( 0.000000000000000000, -1.000000000000000000, 0.000000000000000000 ) ) ;
#1199 = VECTOR ( 'NONE', #1656, 1000.000000000000000 ) ;
#1200 = DIRECTION ( 'NONE',  ( 0.000000000000000000, 0.000000000000000000, 1.000000000000000000 ) ) ;
#1201 = ORIENTED_EDGE ( 'NONE', *, *, #719, .T. ) ;
#1202 = DIRECTION ( 'NONE',  ( 1.000000000000000000, 0.000000000000000000, 0.000000000000000000 ) ) ;
#1203 = VERTEX_POINT ( 'NONE', #38 ) ;
#1204 = ORIENTED_EDGE ( 'NONE', *, *, #1596, .T. ) ;
#1205 = CARTESIAN_POINT ( 'NONE',  ( 0.000000000000000000, 6.500000000000000000, 0.000000000000000000 ) ) ;
#1206 = EDGE_CURVE ( 'NONE', #852, #1577, #1335, .T. ) ;
#1207 = CARTESIAN_POINT ( 'NONE',  ( -6.429999999999999716, 0.000000000000000000, 0.000000000000000000 ) ) ;
#1208 = CARTESIAN_POINT ( 'NONE',  ( -4.200000000000000178, 0.000000000000000000, -10.59999999999999964 ) ) ;
#1209 = VERTEX_POINT ( 'NONE', #44 ) ;
#1210 = SURFACE_SIDE_STYLE ('',( #177 ) ) ;
#1211 = DIRECTION ( 'NONE',  ( -1.000000000000000000, 0.000000000000000000, 0.000000000000000000 ) ) ;
#1212 = APPLICATION_PROTOCOL_DEFINITION ( 'draft international standard', 'automotive_design', 1998, #640 ) ;
#1213 = VECTOR ( 'NONE', #382, 1000.000000000000000 ) ;
#1214 = VECTOR ( 'NONE', #853, 1000.000000000000114 ) ;
#1215 = EDGE_LOOP ( 'NONE', ( #197, #1430, #42, #1505 ) ) ;
#1216 = FACE_OUTER_BOUND ( 'NONE', #1309, .T. ) ;
#1217 = CARTESIAN_POINT ( 'NONE',  ( -4.200000000000000178, 0.000000000000000000, -11.35000000000000142 ) ) ;
#1218 = EDGE_CURVE ( 'NONE', #1312, #792, #973, .T. ) ;
#1219 =( LENGTH_UNIT ( ) NAMED_UNIT ( * ) SI_UNIT ( .MILLI., .METRE. ) );
#1220 = CARTESIAN_POINT ( 'NONE',  ( -4.200000000000000178, 0.000000000000000000, -3.500000000000000000 ) ) ;
#1221 = CONTEXT_DEPENDENT_SHAPE_REPRESENTATION ( #200, #1395 ) ;
#1222 = DIRECTION ( 'NONE',  ( 0.000000000000000000, 0.000000000000000000, -1.000000000000000000 ) ) ;
#1223 = CIRCLE ( 'NONE', #159, 0.7500000000000006661 ) ;
#1224 = AXIS2_PLACEMENT_3D ( 'NONE', #1669, #1023, #912 ) ;
#1225 = FACE_OUTER_BOUND ( 'NONE', #256, .T. ) ;
#1226 = AXIS2_PLACEMENT_3D ( 'NONE', #223, #1402, #859 ) ;
#1227 = ORIENTED_EDGE ( 'NONE', *, *, #1285, .T. ) ;
#1228 = ADVANCED_FACE ( 'NONE', ( #410 ), #920, .T. ) ;
#1229 = AXIS2_PLACEMENT_3D ( 'NONE', #708, #1211, #67 ) ;
#1230 = CIRCLE ( 'NONE', #1255, 1.000000000000000000 ) ;
#1231 = DIRECTION ( 'NONE',  ( 0.000000000000000000, 0.000000000000000000, -1.000000000000000000 ) ) ;
#1232 =( NAMED_UNIT ( * ) SI_UNIT ( $, .STERADIAN. ) SOLID_ANGLE_UNIT ( ) );
#1233 = CLOSED_SHELL ( 'NONE', ( #1604, #1070, #975, #1443 ) ) ;
#1234 = CARTESIAN_POINT ( 'NONE',  ( 7.230000000000000426, 0.000000000000000000, -4.250000000000000000 ) ) ;
#1235 = ORIENTED_EDGE ( 'NONE', *, *, #202, .F. ) ;
#1236 = DIRECTION ( 'NONE',  ( 0.000000000000000000, 0.000000000000000000, 1.000000000000000000 ) ) ;
#1237 = EDGE_CURVE ( 'NONE', #642, #653, #1489, .T. ) ;
#1238 = DIRECTION ( 'NONE',  ( 0.000000000000000000, -1.000000000000000000, 0.000000000000000000 ) ) ;
#1239 = EDGE_CURVE ( 'NONE', #828, #1418, #839, .T. ) ;
#1240 = CARTESIAN_POINT ( 'NONE',  ( -4.200000000000000178, 0.000000000000000000, -16.94999999999999929 ) ) ;
#1241 = STYLED_ITEM ( 'NONE', ( #1340 ), #506 ) ;
#1242 = AXIS2_PLACEMENT_3D ( 'NONE', #1502, #356, #116 ) ;
#1243 = EDGE_LOOP ( 'NONE', ( #725, #27 ) ) ;
#1244 = CARTESIAN_POINT ( 'NONE',  ( 0.000000000000000000, 6.500000000000000000, 8.400000000000000355 ) ) ;
#1245 = DIRECTION ( 'NONE',  ( 0.000000000000000000, 0.000000000000000000, 1.000000000000000000 ) ) ;
#1246 = CARTESIAN_POINT ( 'NONE',  ( 0.000000000000000000, 3.250000000000000000, 8.400000000000000355 ) ) ;
#1247 = ADVANCED_FACE ( 'NONE', ( #603 ), #1630, .F. ) ;
#1248 = LINE ( 'NONE', #327, #652 ) ;
#1249 = AXIS2_PLACEMENT_3D ( 'NONE', #1478, #1100, #826 ) ;
#1250 = ORIENTED_EDGE ( 'NONE', *, *, #13, .T. ) ;
#1251 = DIRECTION ( 'NONE',  ( 0.000000000000000000, -1.000000000000000000, 0.000000000000000000 ) ) ;
#1252 = FACE_OUTER_BOUND ( 'NONE', #1334, .T. ) ;
#1253 = CARTESIAN_POINT ( 'NONE',  ( 7.230000000000000426, 0.000000000000000000, -11.35000000000000142 ) ) ;
#1254 = CIRCLE ( 'NONE', #1624, 0.7499999999999997780 ) ;
#1255 = AXIS2_PLACEMENT_3D ( 'NONE', #675, #1619, #278 ) ;
#1256 = ORIENTED_EDGE ( 'NONE', *, *, #1103, .T. ) ;
#1257 = EDGE_CURVE ( 'NONE', #138, #1421, #362, .T. ) ;
#1258 = DIRECTION ( 'NONE',  ( 0.000000000000000000, 0.000000000000000000, -1.000000000000000000 ) ) ;
#1259 = CIRCLE ( 'NONE', #731, 4.150000000000000355 ) ;
#1260 = EDGE_LOOP ( 'NONE', ( #816, #1050, #80, #1055 ) ) ;
#1261 = DIRECTION ( 'NONE',  ( 0.000000000000000000, 0.000000000000000000, 1.000000000000000000 ) ) ;
#1262 = CARTESIAN_POINT ( 'NONE',  ( 0.000000000000000000, 12.09999999999999964, 0.000000000000000000 ) ) ;
#1263 = LINE ( 'NONE', #866, #394 ) ;
#1264 = AXIS2_PLACEMENT_3D ( 'NONE', #1405, #879, #531 ) ;
#1265 = ADVANCED_FACE ( 'NONE', ( #232 ), #341, .T. ) ;
#1266 = CARTESIAN_POINT ( 'NONE',  ( -4.200000000000000178, 0.000000000000000000, -7.450000000000000178 ) ) ;
#1267 = FACE_OUTER_BOUND ( 'NONE', #1018, .T. ) ;
#1268 = ORIENTED_EDGE ( 'NONE', *, *, #880, .T. ) ;
#1269 =( NAMED_UNIT ( * ) SI_UNIT ( $, .STERADIAN. ) SOLID_ANGLE_UNIT ( ) );
#1270 = DIRECTION ( 'NONE',  ( 0.000000000000000000, -1.000000000000000000, 0.000000000000000000 ) ) ;
#1271 = VECTOR ( 'NONE', #1347, 1000.000000000000000 ) ;
#1272 = ADVANCED_FACE ( 'NONE', ( #632 ), #624, .T. ) ;
#1273 = CARTESIAN_POINT ( 'NONE',  ( 0.000000000000000000, 6.500000000000000000, -24.29999999999999716 ) ) ;
#1274 = AXIS2_PLACEMENT_3D ( 'NONE', #1386, #1142, #1407 ) ;
#1275 = DIRECTION ( 'NONE',  ( 0.000000000000000000, 0.000000000000000000, 1.000000000000000000 ) ) ;
#1276 = CIRCLE ( 'NONE', #1487, 3.250000000000000444 ) ;
#1277 = AXIS2_PLACEMENT_3D ( 'NONE', #1591, #204, #466 ) ;
#1278 = CYLINDRICAL_SURFACE ( 'NONE', #103, 0.7500000000000006661 ) ;
#1279 = ORIENTED_EDGE ( 'NONE', *, *, #1218, .F. ) ;
#1280 = CARTESIAN_POINT ( 'NONE',  ( 5.100000000000000533, -2.000000000000000000, -13.79999999999999893 ) ) ;
#1281 = DIRECTION ( 'NONE',  ( 0.000000000000000000, 0.000000000000000000, 1.000000000000000000 ) ) ;
#1282 = ADVANCED_FACE ( 'NONE', ( #724 ), #1651, .T. ) ;
#1283 = VERTEX_POINT ( 'NONE', #1134 ) ;
#1284 = PRESENTATION_STYLE_ASSIGNMENT (( #1301 ) ) ;
#1285 = EDGE_CURVE ( 'NONE', #901, #1112, #241, .T. ) ;
#1286 = CARTESIAN_POINT ( 'NONE',  ( 0.000000000000000000, 2.750000000000000000, 8.900000000000000355 ) ) ;
#1287 = CARTESIAN_POINT ( 'NONE',  ( 0.000000000000000000, 6.500000000000000000, 0.000000000000000000 ) ) ;
#1288 = AXIS2_PLACEMENT_3D ( 'NONE', #954, #309, #945 ) ;
#1289 = VECTOR ( 'NONE', #1012, 1000.000000000000000 ) ;
#1290 = EDGE_LOOP ( 'NONE', ( #585, #415, #185, #1453 ) ) ;
#1291 = CARTESIAN_POINT ( 'NONE',  ( 7.230000000000000426, -4.000000000000000000, -3.500000000000000000 ) ) ;
#1292 = AXIS2_PLACEMENT_3D ( 'NONE', #456, #1236, #808 ) ;
#1293 = EDGE_LOOP ( 'NONE', ( #907, #1543 ) ) ;
#1294 = CYLINDRICAL_SURFACE ( 'NONE', #951, 3.250000000000000000 ) ;
#1295 = VERTEX_POINT ( 'NONE', #217 ) ;
#1296 = EDGE_CURVE ( 'NONE', #176, #1662, #263, .T. ) ;
#1297 = DIRECTION ( 'NONE',  ( 0.000000000000000000, 0.000000000000000000, -1.000000000000000000 ) ) ;
#1298 = ORIENTED_EDGE ( 'NONE', *, *, #623, .F. ) ;
#1299 = DIRECTION ( 'NONE',  ( 0.000000000000000000, -1.000000000000000000, 0.000000000000000000 ) ) ;
#1300 = CIRCLE ( 'NONE', #1333, 4.150000000000000355 ) ;
#1301 = SURFACE_STYLE_USAGE ( .BOTH. , #908 ) ;
#1302 = EDGE_LOOP ( 'NONE', ( #648, #463 ) ) ;
#1303 = SURFACE_STYLE_FILL_AREA ( #777 ) ;
#1304 = MECHANICAL_DESIGN_GEOMETRIC_PRESENTATION_REPRESENTATION (  '', ( #325 ), #543 ) ;
#1305 = CIRCLE ( 'NONE', #359, 0.7500000000000006661 ) ;
#1306 = AXIS2_PLACEMENT_3D ( 'NONE', #1205, #549, #1570 ) ;
#1307 = EDGE_CURVE ( 'NONE', #509, #271, #885, .T. ) ;
#1308 = DIRECTION ( 'NONE',  ( 0.000000000000000000, -1.000000000000000000, 0.000000000000000000 ) ) ;
#1309 = EDGE_LOOP ( 'NONE', ( #933, #474 ) ) ;
#1310 = FACE_BOUND ( 'NONE', #667, .T. ) ;
#1311 = ORIENTED_EDGE ( 'NONE', *, *, #1143, .F. ) ;
#1312 = VERTEX_POINT ( 'NONE', #1519 ) ;
#1313 = CARTESIAN_POINT ( 'NONE',  ( 7.230000000000000426, -4.000000000000000000, -4.250000000000000000 ) ) ;
#1314 = PRESENTATION_LAYER_ASSIGNMENT (  '', '', ( #338 ) ) ;
#1315 = LINE ( 'NONE', #190, #1141 ) ;
#1316 = PRODUCT_DEFINITION ( 'UNKNOWN', '', #432, #936 ) ;
#1317 = ORIENTED_EDGE ( 'NONE', *, *, #68, .T. ) ;
#1318 = DIRECTION ( 'NONE',  ( 0.000000000000000000, 0.000000000000000000, 1.000000000000000000 ) ) ;
#1319 = EDGE_CURVE ( 'NONE', #1169, #168, #489, .T. ) ;
#1320 = VECTOR ( 'NONE', #1299, 1000.000000000000000 ) ;
#1321 = CIRCLE ( 'NONE', #1017, 0.7499999999999997780 ) ;
#1322 = VECTOR ( 'NONE', #221, 1000.000000000000000 ) ;
#1323 = ORIENTED_EDGE ( 'NONE', *, *, #1004, .F. ) ;
#1324 = CIRCLE ( 'NONE', #416, 4.150000000000000355 ) ;
#1325 = ORIENTED_EDGE ( 'NONE', *, *, #1423, .T. ) ;
#1326 = CARTESIAN_POINT ( 'NONE',  ( 0.000000000000000000, -2.000000000000000000, 0.000000000000000000 ) ) ;
#1327 = CARTESIAN_POINT ( 'NONE',  ( -6.429999999999999716, 0.000000000000000000, -21.39999999999999858 ) ) ;
#1328 = CARTESIAN_POINT ( 'NONE',  ( 0.000000000000000000, 6.500000000000000000, 3.836047190432000153 ) ) ;
#1329 = ORIENTED_EDGE ( 'NONE', *, *, #550, .F. ) ;
#1330 = CARTESIAN_POINT ( 'NONE',  ( 3.250000000000000000, 6.500000000000000000, 8.400000000000000355 ) ) ;
#1331 = ADVANCED_FACE ( 'NONE', ( #1637, #481 ), #1003, .F. ) ;
#1332 = CARTESIAN_POINT ( 'NONE',  ( -6.429999999999999716, 12.69999999999999929, 0.000000000000000000 ) ) ;
#1333 = AXIS2_PLACEMENT_3D ( 'NONE', #357, #63, #727 ) ;
#1334 = EDGE_LOOP ( 'NONE', ( #1541, #659, #700, #1584 ) ) ;
#1335 = LINE ( 'NONE', #813, #544 ) ;
#1336 = DIRECTION ( 'NONE',  ( 0.000000000000000000, -1.000000000000000000, 0.000000000000000000 ) ) ;
#1337 = STYLED_ITEM ( 'NONE', ( #1031 ), #1085 ) ;
#1338 = CARTESIAN_POINT ( 'NONE',  ( 0.000000000000000000, 3.250000000000000000, -21.22361162513000110 ) ) ;
#1339 = ORIENTED_EDGE ( 'NONE', *, *, #872, .T. ) ;
#1340 = PRESENTATION_STYLE_ASSIGNMENT (( #822 ) ) ;
#1341 = AXIS2_PLACEMENT_3D ( 'NONE', #993, #1508, #349 ) ;
#1342 = CARTESIAN_POINT ( 'NONE',  ( 0.000000000000000000, 0.9000000000000000222, 0.000000000000000000 ) ) ;
#1343 = SHAPE_DEFINITION_REPRESENTATION ( #77, #199 ) ;
#1344 = ORIENTED_EDGE ( 'NONE', *, *, #30, .T. ) ;
#1345 = PLANE ( 'NONE',  #946 ) ;
#1346 = FACE_OUTER_BOUND ( 'NONE', #1374, .T. ) ;
#1347 = DIRECTION ( 'NONE',  ( 0.000000000000000000, 1.000000000000000000, 0.000000000000000000 ) ) ;
#1348 = ORIENTED_EDGE ( 'NONE', *, *, #230, .F. ) ;
#1349 = FACE_OUTER_BOUND ( 'NONE', #1149, .T. ) ;
#1350 = DIRECTION ( 'NONE',  ( 0.000000000000000000, 0.000000000000000000, -1.000000000000000000 ) ) ;
#1351 = AXIS2_PLACEMENT_3D ( 'NONE', #243, #1043, #147 ) ;
#1352 = ORIENTED_EDGE ( 'NONE', *, *, #965, .F. ) ;
#1353 = CARTESIAN_POINT ( 'NONE',  ( 0.000000000000000000, -4.000000000000000000, 0.000000000000000000 ) ) ;
#1354 = EDGE_CURVE ( 'NONE', #1283, #1534, #1321, .T. ) ;
#1355 = EDGE_LOOP ( 'NONE', ( #1555, #1028 ) ) ;
#1356 = SURFACE_STYLE_USAGE ( .BOTH. , #1210 ) ;
#1357 = FACE_OUTER_BOUND ( 'NONE', #1164, .T. ) ;
#1358 = ORIENTED_EDGE ( 'NONE', *, *, #1398, .F. ) ;
#1359 = CARTESIAN_POINT ( 'NONE',  ( 7.230000000000000426, 0.000000000000000000, -17.69999999999999929 ) ) ;
#1360 = VECTOR ( 'NONE', #923, 1000.000000000000114 ) ;
#1361 = CARTESIAN_POINT ( 'NONE',  ( 0.000000000000000000, 2.050000000000000266, 4.500000000000000000 ) ) ;
#1362 = ADVANCED_FACE ( 'NONE', ( #376 ), #1393, .T. ) ;
#1363 = EDGE_LOOP ( 'NONE', ( #894, #1189 ) ) ;
#1364 = CARTESIAN_POINT ( 'NONE',  ( 0.000000000000000000, 0.000000000000000000, 0.000000000000000000 ) ) ;
#1365 = DIRECTION ( 'NONE',  ( 0.000000000000000000, 0.000000000000000000, -1.000000000000000000 ) ) ;
#1366 = AXIS2_PLACEMENT_3D ( 'NONE', #1099, #1607, #446 ) ;
#1367 = VERTEX_POINT ( 'NONE', #113 ) ;
#1368 = CARTESIAN_POINT ( 'NONE',  ( 7.230000000000000426, 0.000000000000000000, -8.449999999999999289 ) ) ;
#1369 = DIRECTION ( 'NONE',  ( 1.000000000000000000, 0.000000000000000000, 0.000000000000000000 ) ) ;
#1370 = ADVANCED_FACE ( 'NONE', ( #1267 ), #1376, .F. ) ;
#1371 = CARTESIAN_POINT ( 'NONE',  ( -6.429999999999999716, 0.000000000000000000, -21.39999999999999858 ) ) ;
#1372 = CIRCLE ( 'NONE', #1075, 3.250000000000000444 ) ;
#1373 = CIRCLE ( 'NONE', #1292, 4.450000000000000178 ) ;
#1374 = EDGE_LOOP ( 'NONE', ( #684, #1323 ) ) ;
#1375 = CARTESIAN_POINT ( 'NONE',  ( 5.100000000000000533, 0.000000000000000000, -13.79999999999999893 ) ) ;
#1376 = PLANE ( 'NONE',  #119 ) ;
#1377 = EDGE_CURVE ( 'NONE', #149, #1295, #1613, .T. ) ;
#1378 = VERTEX_POINT ( 'NONE', #747 ) ;
#1379 = DIRECTION ( 'NONE',  ( 0.000000000000000000, -1.000000000000000000, 0.000000000000000000 ) ) ;
#1380 = CARTESIAN_POINT ( 'NONE',  ( 7.230000000000000426, -4.000000000000000000, -5.000000000000000000 ) ) ;
#1381 = PRESENTATION_LAYER_ASSIGNMENT (  '', '', ( #325 ) ) ;
#1382 = EDGE_LOOP ( 'NONE', ( #1170, #1348 ) ) ;
#1383 = FACE_OUTER_BOUND ( 'NONE', #524, .T. ) ;
#1384 = VECTOR ( 'NONE', #557, 1000.000000000000000 ) ;
#1385 = CARTESIAN_POINT ( 'NONE',  ( -4.200000000000000178, 0.000000000000000000, -4.250000000000000000 ) ) ;
#1386 = CARTESIAN_POINT ( 'NONE',  ( 0.000000000000000000, -4.000000000000000000, 0.000000000000000000 ) ) ;
#1387 = ORIENTED_EDGE ( 'NONE', *, *, #162, .F. ) ;
#1388 = CARTESIAN_POINT ( 'NONE',  ( 7.230000000000000426, 0.000000000000000000, -4.250000000000000000 ) ) ;
#1389 = PRESENTATION_STYLE_ASSIGNMENT (( #606 ) ) ;
#1390 = ORIENTED_EDGE ( 'NONE', *, *, #1467, .F. ) ;
#1391 = CARTESIAN_POINT ( 'NONE',  ( 0.000000000000000000, 6.500000000000000000, -22.16180581257000171 ) ) ;
#1392 = LINE ( 'NONE', #1262, #928 ) ;
#1393 = CYLINDRICAL_SURFACE ( 'NONE', #1048, 5.599999999999999645 ) ;
#1394 = ORIENTED_EDGE ( 'NONE', *, *, #1644, .T. ) ;
#1395 = PRODUCT_DEFINITION_SHAPE ( 'NONE', 'NONE',  #1671 ) ;
#1396 = FILL_AREA_STYLE_COLOUR ( '', #1057 ) ;
#1397 = PRESENTATION_LAYER_ASSIGNMENT (  '', '', ( #224 ) ) ;
#1398 = EDGE_CURVE ( 'NONE', #1169, #642, #317, .T. ) ;
#1399 = AXIS2_PLACEMENT_3D ( 'NONE', #469, #487, #990 ) ;
#1400 = CARTESIAN_POINT ( 'NONE',  ( 0.000000000000000000, 9.750000000000000000, 0.000000000000000000 ) ) ;
#1401 = CARTESIAN_POINT ( 'NONE',  ( 7.230000000000000426, 0.000000000000000000, -16.94999999999999929 ) ) ;
#1402 = DIRECTION ( 'NONE',  ( 0.000000000000000000, 0.000000000000000000, -1.000000000000000000 ) ) ;
#1403 = DIRECTION ( 'NONE',  ( 0.000000000000000000, 0.000000000000000000, 1.000000000000000000 ) ) ;
#1404 = FACE_OUTER_BOUND ( 'NONE', #1355, .T. ) ;
#1405 = CARTESIAN_POINT ( 'NONE',  ( -4.200000000000000178, -2.000000000000000000, -7.450000000000000178 ) ) ;
#1406 = EDGE_CURVE ( 'NONE', #1662, #176, #1076, .T. ) ;
#1407 = DIRECTION ( 'NONE',  ( 0.000000000000000000, 0.000000000000000000, -1.000000000000000000 ) ) ;
#1408 = AXIS2_PLACEMENT_3D ( 'NONE', #610, #368, #1281 ) ;
#1409 = ORIENTED_EDGE ( 'NONE', *, *, #1414, .F. ) ;
#1410 = AXIS2_PLACEMENT_3D ( 'NONE', #302, #804, #291 ) ;
#1411 = DIRECTION ( 'NONE',  ( 0.000000000000000000, 1.000000000000000000, 0.000000000000000000 ) ) ;
#1412 = VERTEX_POINT ( 'NONE', #1455 ) ;
#1413 = DIRECTION ( 'NONE',  ( 0.000000000000000000, 0.000000000000000000, -1.000000000000000000 ) ) ;
#1414 = EDGE_CURVE ( 'NONE', #1127, #790, #845, .T. ) ;
#1415 = ORIENTED_EDGE ( 'NONE', *, *, #1532, .T. ) ;
#1416 = CYLINDRICAL_SURFACE ( 'NONE', #614, 3.250000000000000000 ) ;
#1417 = MECHANICAL_DESIGN_GEOMETRIC_PRESENTATION_REPRESENTATION (  '', ( #1241 ), #526 ) ;
#1418 = VERTEX_POINT ( 'NONE', #1114 ) ;
#1419 = DIRECTION ( 'NONE',  ( 0.000000000000000000, 1.000000000000000000, 0.000000000000000000 ) ) ;
#1420 = CIRCLE ( 'NONE', #145, 1.499999999999999556 ) ;
#1421 = VERTEX_POINT ( 'NONE', #440 ) ;
#1422 =( NAMED_UNIT ( * ) SI_UNIT ( $, .STERADIAN. ) SOLID_ANGLE_UNIT ( ) );
#1423 = EDGE_CURVE ( 'NONE', #910, #61, #741, .T. ) ;
#1424 = ORIENTED_EDGE ( 'NONE', *, *, #1285, .F. ) ;
#1425 = CARTESIAN_POINT ( 'NONE',  ( 7.230000000000000426, -4.000000000000000000, -16.94999999999999929 ) ) ;
#1426 = DIRECTION ( 'NONE',  ( 0.000000000000000000, -1.000000000000000000, 0.000000000000000000 ) ) ;
#1427 = AXIS2_PLACEMENT_3D ( 'NONE', #388, #251, #1297 ) ;
#1428 = ORIENTED_EDGE ( 'NONE', *, *, #748, .T. ) ;
#1429 = DIRECTION ( 'NONE',  ( 0.000000000000000000, -1.000000000000000000, 0.000000000000000000 ) ) ;
#1430 = ORIENTED_EDGE ( 'NONE', *, *, #719, .F. ) ;
#1431 = CARTESIAN_POINT ( 'NONE',  ( 5.100000000000000533, 0.000000000000000000, -15.29999999999999893 ) ) ;
#1432 = AXIS2_PLACEMENT_3D ( 'NONE', #631, #730, #99 ) ;
#1433 = EDGE_CURVE ( 'NONE', #1203, #828, #476, .T. ) ;
#1434 = CARTESIAN_POINT ( 'NONE',  ( -4.200000000000000178, 0.000000000000000000, -7.450000000000000178 ) ) ;
#1435 = VERTEX_POINT ( 'NONE', #751 ) ;
#1436 = DIRECTION ( 'NONE',  ( 0.000000000000000000, 0.000000000000000000, 1.000000000000000000 ) ) ;
#1437 = CLOSED_SHELL ( 'NONE', ( #746, #979, #1457, #135 ) ) ;
#1438 = EDGE_LOOP ( 'NONE', ( #295, #982, #448, #835 ) ) ;
#1439 = AXIS2_PLACEMENT_3D ( 'NONE', #578, #29, #1106 ) ;
#1440 = ORIENTED_EDGE ( 'NONE', *, *, #880, .F. ) ;
#1441 = CARTESIAN_POINT ( 'NONE',  ( 0.000000000000000000, 3.000000000000000000, -24.29999999999999716 ) ) ;
#1442 = DIRECTION ( 'NONE',  ( 0.000000000000000000, 0.000000000000000000, 1.000000000000000000 ) ) ;
#1443 = ADVANCED_FACE ( 'NONE', ( #235 ), #1512, .T. ) ;
#1444 = ORIENTED_EDGE ( 'NONE', *, *, #550, .T. ) ;
#1445 = DIRECTION ( 'NONE',  ( 0.000000000000000000, 1.000000000000000000, 0.000000000000000000 ) ) ;
#1446 = AXIS2_PLACEMENT_3D ( 'NONE', #1549, #783, #390 ) ;
#1447 = ORIENTED_EDGE ( 'NONE', *, *, #1143, .T. ) ;
#1448 = DIRECTION ( 'NONE',  ( 0.000000000000000000, 0.000000000000000000, 1.000000000000000000 ) ) ;
#1449 = VERTEX_POINT ( 'NONE', #1021 ) ;
#1450 = DIRECTION ( 'NONE',  ( 0.000000000000000000, -1.000000000000000000, 0.000000000000000000 ) ) ;
#1451 = DIRECTION ( 'NONE',  ( 0.000000000000000000, 0.000000000000000000, -1.000000000000000000 ) ) ;
#1452 = CARTESIAN_POINT ( 'NONE',  ( 0.000000000000000000, 9.750000000000000000, -21.22361162513000110 ) ) ;
#1453 = ORIENTED_EDGE ( 'NONE', *, *, #1307, .F. ) ;
#1454 = EDGE_CURVE ( 'NONE', #109, #792, #1632, .T. ) ;
#1455 = CARTESIAN_POINT ( 'NONE',  ( 0.000000000000000000, 10.65000000000000036, 8.900000000000000355 ) ) ;
#1456 = CARTESIAN_POINT ( 'NONE',  ( -4.200000000000000178, 0.000000000000000000, -10.59999999999999964 ) ) ;
#1457 = ADVANCED_FACE ( 'NONE', ( #733 ), #984, .T. ) ;
#1458 = CONICAL_SURFACE ( 'NONE', #1224, 5.025000000000000355, 1.047197551196400456 ) ;
#1459 = VERTEX_POINT ( 'NONE', #1286 ) ;
#1460 = FACE_OUTER_BOUND ( 'NONE', #938, .T. ) ;
#1461 = CARTESIAN_POINT ( 'NONE',  ( 5.100000000000000533, 0.000000000000000000, -13.79999999999999893 ) ) ;
#1462 = DIRECTION ( 'NONE',  ( 0.000000000000000000, -1.000000000000000000, 0.000000000000000000 ) ) ;
#1463 = ORIENTED_EDGE ( 'NONE', *, *, #595, .F. ) ;
#1464 = CARTESIAN_POINT ( 'NONE',  ( -4.200000000000000178, -4.000000000000000000, -5.000000000000000000 ) ) ;
#1465 = CARTESIAN_POINT ( 'NONE',  ( 7.230000000000000426, 0.000000000000000000, -16.94999999999999929 ) ) ;
#1466 = DIRECTION ( 'NONE',  ( 0.000000000000000000, 0.000000000000000000, 1.000000000000000000 ) ) ;
#1467 = EDGE_CURVE ( 'NONE', #1209, #1577, #1185, .T. ) ;
#1468 = DIRECTION ( 'NONE',  ( 0.000000000000000000, 1.000000000000000000, 0.000000000000000000 ) ) ;
#1469 = CARTESIAN_POINT ( 'NONE',  ( 0.000000000000000000, 10.25000000000000000, 8.400000000000000355 ) ) ;
#1470 = ORIENTED_EDGE ( 'NONE', *, *, #445, .T. ) ;
#1471 = DIRECTION ( 'NONE',  ( -1.000000000000000000, 0.000000000000000000, 0.000000000000000000 ) ) ;
#1472 = CARTESIAN_POINT ( 'NONE',  ( 7.230000000000000426, 0.000000000000000000, -16.94999999999999929 ) ) ;
#1473 = AXIS2_PLACEMENT_3D ( 'NONE', #1486, #1586, #425 ) ;
#1474 = ADVANCED_FACE ( 'NONE', ( #1524 ), #95, .T. ) ;
#1475 = CONICAL_SURFACE ( 'NONE', #742, 3.824999999999999289, 0.2204937613665427232 ) ;
#1476 = DIRECTION ( 'NONE',  ( 0.000000000000000000, 0.000000000000000000, -1.000000000000000000 ) ) ;
#1477 = SHAPE_REPRESENTATION ( 'NRJ6HH', ( #352, #570 ), #260 ) ;
#1478 = CARTESIAN_POINT ( 'NONE',  ( -4.200000000000000178, 0.000000000000000000, -4.250000000000000000 ) ) ;
#1479 = EDGE_LOOP ( 'NONE', ( #238, #374 ) ) ;
#1480 = DIRECTION ( 'NONE',  ( 0.000000000000000000, 0.000000000000000000, -1.000000000000000000 ) ) ;
#1481 = PRODUCT ( 'NRJ6HH_NRJ6HH', 'NRJ6HH_NRJ6HH', '', ( #276 ) ) ;
#1482 = DIRECTION ( 'NONE',  ( 0.000000000000000000, 0.000000000000000000, 1.000000000000000000 ) ) ;
#1483 = EDGE_CURVE ( 'NONE', #329, #85, #1668, .T. ) ;
#1484 = ORIENTED_EDGE ( 'NONE', *, *, #994, .F. ) ;
#1485 = DIRECTION ( 'NONE',  ( 0.000000000000000000, 0.000000000000000000, 1.000000000000000000 ) ) ;
#1486 = CARTESIAN_POINT ( 'NONE',  ( -4.200000000000000178, -4.000000000000000000, -10.59999999999999964 ) ) ;
#1487 = AXIS2_PLACEMENT_3D ( 'NONE', #239, #1629, #849 ) ;
#1488 = CARTESIAN_POINT ( 'NONE',  ( 0.000000000000000000, 0.9000000000000000222, 3.836047190432000153 ) ) ;
#1489 = LINE ( 'NONE', #1441, #1384 ) ;
#1490 = ORIENTED_EDGE ( 'NONE', *, *, #1319, .T. ) ;
#1491 = DIRECTION ( 'NONE',  ( 0.000000000000000000, -1.000000000000000000, 0.000000000000000000 ) ) ;
#1492 = CYLINDRICAL_SURFACE ( 'NONE', #569, 0.7499999999999997780 ) ;
#1493 = VERTEX_POINT ( 'NONE', #1159 ) ;
#1494 = DIRECTION ( 'NONE',  ( 0.000000000000000000, -1.000000000000000000, 0.000000000000000000 ) ) ;
#1495 = EDGE_CURVE ( 'NONE', #168, #653, #372, .T. ) ;
#1496 = DIRECTION ( 'NONE',  ( 0.000000000000000000, 0.000000000000000000, 1.000000000000000000 ) ) ;
#1497 = DIRECTION ( 'NONE',  ( 0.000000000000000000, 0.000000000000000000, -1.000000000000000000 ) ) ;
#1498 = AXIS2_PLACEMENT_3D ( 'NONE', #744, #86, #712 ) ;
#1499 = VECTOR ( 'NONE', #1179, 1000.000000000000000 ) ;
#1500 = FILL_AREA_STYLE ('',( #1620 ) ) ;
#1501 = CIRCLE ( 'NONE', #762, 0.5000000000000004441 ) ;
#1502 = CARTESIAN_POINT ( 'NONE',  ( 0.000000000000000000, 6.500000000000000000, -21.22361162513000110 ) ) ;
#1503 = CIRCLE ( 'NONE', #1132, 0.7499999999999997780 ) ;
#1504 = DIRECTION ( 'NONE',  ( 0.000000000000000000, -1.000000000000000000, 0.000000000000000000 ) ) ;
#1505 = ORIENTED_EDGE ( 'NONE', *, *, #1022, .T. ) ;
#1506 = DIRECTION ( 'NONE',  ( 0.000000000000000000, 0.000000000000000000, 1.000000000000000000 ) ) ;
#1507 = ADVANCED_FACE ( 'NONE', ( #312 ), #796, .T. ) ;
#1508 = DIRECTION ( 'NONE',  ( 0.000000000000000000, -1.000000000000000000, 0.000000000000000000 ) ) ;
#1509 = DIRECTION ( 'NONE',  ( 0.000000000000000000, -1.000000000000000000, 0.000000000000000000 ) ) ;
#1510 = EDGE_LOOP ( 'NONE', ( #1394, #210 ) ) ;
#1511 = PRESENTATION_STYLE_ASSIGNMENT (( #870 ) ) ;
#1512 = PLANE ( 'NONE',  #249 ) ;
#1513 = FACE_OUTER_BOUND ( 'NONE', #1086, .T. ) ;
#1514 =( GEOMETRIC_REPRESENTATION_CONTEXT ( 3 ) GLOBAL_UNCERTAINTY_ASSIGNED_CONTEXT ( ( #916 ) ) GLOBAL_UNIT_ASSIGNED_CONTEXT ( ( #660, #651, #1422 ) ) REPRESENTATION_CONTEXT ( 'NONE', 'WORKASPACE' ) );
#1515 = ORIENTED_EDGE ( 'NONE', *, *, #451, .F. ) ;
#1516 = CYLINDRICAL_SURFACE ( 'NONE', #93, 1.499999999999999556 ) ;
#1517 = AXIS2_PLACEMENT_3D ( 'NONE', #981, #1509, #91 ) ;
#1518 = CARTESIAN_POINT ( 'NONE',  ( 7.230000000000000426, 0.000000000000000000, -5.000000000000000000 ) ) ;
#1519 = CARTESIAN_POINT ( 'NONE',  ( 0.000000000000000000, 10.94999999999999929, 4.500000000000000000 ) ) ;
#1520 = AXIS2_PLACEMENT_3D ( 'NONE', #717, #35, #179 ) ;
#1521 = VERTEX_POINT ( 'NONE', #174 ) ;
#1522 =( NAMED_UNIT ( * ) PLANE_ANGLE_UNIT ( ) SI_UNIT ( $, .RADIAN. ) );
#1523 = ADVANCED_FACE ( 'NONE', ( #1216 ), #39, .T. ) ;
#1524 = FACE_OUTER_BOUND ( 'NONE', #1479, .T. ) ;
#1525 = FACE_OUTER_BOUND ( 'NONE', #1062, .T. ) ;
#1526 = DIRECTION ( 'NONE',  ( 0.000000000000000000, -1.000000000000000000, 0.000000000000000000 ) ) ;
#1527 = PLANE ( 'NONE',  #1571 ) ;
#1528 = CARTESIAN_POINT ( 'NONE',  ( 0.000000000000000000, 6.500000000000000000, -24.29999999999999716 ) ) ;
#1529 = EDGE_LOOP ( 'NONE', ( #442, #515, #821, #267 ) ) ;
#1530 = EDGE_CURVE ( 'NONE', #14, #478, #1420, .T. ) ;
#1531 =( NAMED_UNIT ( * ) PLANE_ANGLE_UNIT ( ) SI_UNIT ( $, .RADIAN. ) );
#1532 = EDGE_CURVE ( 'NONE', #1412, #919, #1324, .T. ) ;
#1533 = CARTESIAN_POINT ( 'NONE',  ( 0.000000000000000000, 6.500000000000000000, 8.599999999999999645 ) ) ;
#1534 = VERTEX_POINT ( 'NONE', #1080 ) ;
#1535 = CYLINDRICAL_SURFACE ( 'NONE', #576, 0.9999999999999991118 ) ;
#1536 = DIRECTION ( 'NONE',  ( 0.000000000000000000, -1.000000000000000000, 0.000000000000000000 ) ) ;
#1537 = ORIENTED_EDGE ( 'NONE', *, *, #748, .F. ) ;
#1538 = SURFACE_SIDE_STYLE ('',( #1303 ) ) ;
#1539 = DIRECTION ( 'NONE',  ( 0.000000000000000000, 0.000000000000000000, 1.000000000000000000 ) ) ;
#1540 = ADVANCED_FACE ( 'NONE', ( #54 ), #273, .F. ) ;
#1541 = ORIENTED_EDGE ( 'NONE', *, *, #313, .T. ) ;
#1542 = CARTESIAN_POINT ( 'NONE',  ( -4.200000000000000178, 0.000000000000000000, -9.849999999999999645 ) ) ;
#1543 = ORIENTED_EDGE ( 'NONE', *, *, #454, .T. ) ;
#1544 = CIRCLE ( 'NONE', #889, 0.9999999999999991118 ) ;
#1545 = ORIENTED_EDGE ( 'NONE', *, *, #1206, .T. ) ;
#1546 = CARTESIAN_POINT ( 'NONE',  ( 7.230000000000000426, 0.000000000000000000, -9.849999999999999645 ) ) ;
#1547 = CARTESIAN_POINT ( 'NONE',  ( -4.200000000000000178, -2.000000000000000000, -6.450000000000000178 ) ) ;
#1548 = EDGE_LOOP ( 'NONE', ( #404, #370 ) ) ;
#1549 = CARTESIAN_POINT ( 'NONE',  ( 0.000000000000000000, 6.500000000000000000, 0.000000000000000000 ) ) ;
#1550 = EDGE_CURVE ( 'NONE', #1112, #15, #841, .T. ) ;
#1551 = ORIENTED_EDGE ( 'NONE', *, *, #924, .T. ) ;
#1552 = ORIENTED_EDGE ( 'NONE', *, *, #1423, .F. ) ;
#1553 = AXIS2_PLACEMENT_3D ( 'NONE', #638, #791, #1419 ) ;
#1554 = FACE_OUTER_BOUND ( 'NONE', #743, .T. ) ;
#1555 = ORIENTED_EDGE ( 'NONE', *, *, #1634, .F. ) ;
#1556 = CARTESIAN_POINT ( 'NONE',  ( 7.230000000000000426, 0.000000000000000000, -10.59999999999999964 ) ) ;
#1557 = AXIS2_PLACEMENT_3D ( 'NONE', #1425, #402, #1033 ) ;
#1558 = ORIENTED_EDGE ( 'NONE', *, *, #1237, .T. ) ;
#1559 = CARTESIAN_POINT ( 'NONE',  ( -4.200000000000000178, -4.000000000000000000, -4.250000000000000000 ) ) ;
#1560 = ADVANCED_FACE ( 'NONE', ( #1346 ), #558, .F. ) ;
#1561 = ORIENTED_EDGE ( 'NONE', *, *, #595, .T. ) ;
#1562 = CARTESIAN_POINT ( 'NONE',  ( 7.230000000000000426, -4.000000000000000000, -11.35000000000000142 ) ) ;
#1563 = DIRECTION ( 'NONE',  ( 0.000000000000000000, 1.000000000000000000, 0.000000000000000000 ) ) ;
#1564 = EDGE_LOOP ( 'NONE', ( #620, #1034, #1279, #1470 ) ) ;
#1565 = CARTESIAN_POINT ( 'NONE',  ( 0.000000000000000000, 12.09999999999999964, 0.000000000000000000 ) ) ;
#1566 = AXIS2_PLACEMENT_3D ( 'NONE', #1328, #1060, #1573 ) ;
#1567 = UNCERTAINTY_MEASURE_WITH_UNIT (LENGTH_MEASURE( 1.000000000000000082E-05 ), #1136, 'distance_accuracy_value', 'NONE');
#1568 = CARTESIAN_POINT ( 'NONE',  ( 0.000000000000000000, 0.000000000000000000, 0.000000000000000000 ) ) ;
#1569 = VERTEX_POINT ( 'NONE', #567 ) ;
#1570 = DIRECTION ( 'NONE',  ( 0.000000000000000000, -1.000000000000000000, 0.000000000000000000 ) ) ;
#1571 = AXIS2_PLACEMENT_3D ( 'NONE', #465, #622, #339 ) ;
#1572 = PRESENTATION_LAYER_ASSIGNMENT (  '', '', ( #833 ) ) ;
#1573 = DIRECTION ( 'NONE',  ( 0.000000000000000000, 1.000000000000000000, 0.000000000000000000 ) ) ;
#1574 = VERTEX_POINT ( 'NONE', #1359 ) ;
#1575 = LINE ( 'NONE', #1024, #898 ) ;
#1576 = EDGE_LOOP ( 'NONE', ( #976, #1358, #1490, #131 ) ) ;
#1577 = VERTEX_POINT ( 'NONE', #189 ) ;
#1578 = CARTESIAN_POINT ( 'NONE',  ( 0.000000000000000000, 10.00000000000000000, -24.29999999999999716 ) ) ;
#1579 = LINE ( 'NONE', #1598, #692 ) ;
#1580 = ADVANCED_FACE ( 'NONE', ( #551 ), #165, .T. ) ;
#1581 = LINE ( 'NONE', #1361, #858 ) ;
#1582 = VECTOR ( 'NONE', #974, 1000.000000000000000 ) ;
#1583 = EDGE_CURVE ( 'NONE', #1072, #535, #636, .T. ) ;
#1584 = ORIENTED_EDGE ( 'NONE', *, *, #818, .T. ) ;
#1585 = CARTESIAN_POINT ( 'NONE',  ( 0.000000000000000000, 2.750000000000000000, 8.400000000000000355 ) ) ;
#1586 = DIRECTION ( 'NONE',  ( 0.000000000000000000, -1.000000000000000000, 0.000000000000000000 ) ) ;
#1587 = CIRCLE ( 'NONE', #900, 3.250000000000000444 ) ;
#1588 = UNCERTAINTY_MEASURE_WITH_UNIT (LENGTH_MEASURE( 1.000000000000000082E-05 ), #1013, 'distance_accuracy_value', 'NONE');
#1589 = DIRECTION ( 'NONE',  ( 0.000000000000000000, -1.000000000000000000, 0.000000000000000000 ) ) ;
#1590 = ORIENTED_EDGE ( 'NONE', *, *, #1550, .F. ) ;
#1591 = CARTESIAN_POINT ( 'NONE',  ( 0.000000000000000000, 6.500000000000000000, 4.500000000000000000 ) ) ;
#1592 = DIRECTION ( 'NONE',  ( 0.000000000000000000, -1.000000000000000000, 0.000000000000000000 ) ) ;
#1593 = DIRECTION ( 'NONE',  ( 0.000000000000000000, -0.000000000000000000, -1.000000000000000000 ) ) ;
#1594 = ORIENTED_EDGE ( 'NONE', *, *, #1239, .F. ) ;
#1595 =( NAMED_UNIT ( * ) PLANE_ANGLE_UNIT ( ) SI_UNIT ( $, .RADIAN. ) );
#1596 = EDGE_CURVE ( 'NONE', #763, #790, #1579, .T. ) ;
#1597 = CYLINDRICAL_SURFACE ( 'NONE', #1601, 0.9999999999999991118 ) ;
#1598 = CARTESIAN_POINT ( 'NONE',  ( -4.200000000000000178, 0.000000000000000000, -6.450000000000000178 ) ) ;
#1599 = CARTESIAN_POINT ( 'NONE',  ( 7.230000000000000426, 0.000000000000000000, -10.59999999999999964 ) ) ;
#1600 = CIRCLE ( 'NONE', #1652, 3.250000000000000000 ) ;
#1601 = AXIS2_PLACEMENT_3D ( 'NONE', #1096, #310, #1231 ) ;
#1602 = VERTEX_POINT ( 'NONE', #1069 ) ;
#1603 = DIRECTION ( 'NONE',  ( 0.000000000000000000, 0.000000000000000000, -1.000000000000000000 ) ) ;
#1604 = ADVANCED_FACE ( 'NONE', ( #452 ), #279, .F. ) ;
#1605 = FACE_OUTER_BOUND ( 'NONE', #288, .T. ) ;
#1606 = ORIENTED_EDGE ( 'NONE', *, *, #1103, .F. ) ;
#1607 = DIRECTION ( 'NONE',  ( 0.000000000000000000, -1.000000000000000000, 0.000000000000000000 ) ) ;
#1608 = CARTESIAN_POINT ( 'NONE',  ( 0.000000000000000000, 12.09999999999999964, 3.836047190432000153 ) ) ;
#1609 =( GEOMETRIC_REPRESENTATION_CONTEXT ( 3 ) GLOBAL_UNCERTAINTY_ASSIGNED_CONTEXT ( ( #178 ) ) GLOBAL_UNIT_ASSIGNED_CONTEXT ( ( #1639, #326, #1269 ) ) REPRESENTATION_CONTEXT ( 'NONE', 'WORKASPACE' ) );
#1610 = EDGE_LOOP ( 'NONE', ( #807, #75 ) ) ;
#1611 = CARTESIAN_POINT ( 'NONE',  ( 5.100000000000000533, -2.000000000000000000, -15.29999999999999893 ) ) ;
#1612 = MECHANICAL_DESIGN_GEOMETRIC_PRESENTATION_REPRESENTATION (  '', ( #224 ), #120 ) ;
#1613 = CIRCLE ( 'NONE', #764, 0.7499999999999997780 ) ;
#1614 = ADVANCED_FACE ( 'NONE', ( #418 ), #686, .T. ) ;
#1615 = CARTESIAN_POINT ( 'NONE',  ( 7.230000000000000426, 0.000000000000000000, -7.450000000000000178 ) ) ;
#1616 = EDGE_CURVE ( 'NONE', #1077, #828, #292, .T. ) ;
#1617 = FILL_AREA_STYLE ('',( #449 ) ) ;
#1618 = CARTESIAN_POINT ( 'NONE',  ( 9.320000000000000284, 0.000000000000000000, 0.000000000000000000 ) ) ;
#1619 = DIRECTION ( 'NONE',  ( 0.000000000000000000, -1.000000000000000000, 0.000000000000000000 ) ) ;
#1620 = FILL_AREA_STYLE_COLOUR ( '', #921 ) ;
#1621 = ADVANCED_FACE ( 'NONE', ( #354 ), #491, .T. ) ;
#1622 = DIRECTION ( 'NONE',  ( 0.000000000000000000, 0.000000000000000000, -1.000000000000000000 ) ) ;
#1623 = MANIFOLD_SOLID_BREP ( 'Split1[6]', #1655 ) ;
#1624 = AXIS2_PLACEMENT_3D ( 'NONE', #1559, #765, #518 ) ;
#1625 = ORIENTED_EDGE ( 'NONE', *, *, #1036, .F. ) ;
#1626 = CARTESIAN_POINT ( 'NONE',  ( 9.320000000000000284, 0.000000000000000000, 0.000000000000000000 ) ) ;
#1627 = COLOUR_RGB ( '',0.7921568627450980005, 0.8196078431372548767, 0.9333333333333333481 ) ;
#1628 = AXIS2_PLACEMENT_3D ( 'NONE', #1465, #1073, #50 ) ;
#1629 = DIRECTION ( 'NONE',  ( 0.000000000000000000, 0.000000000000000000, -1.000000000000000000 ) ) ;
#1630 = PLANE ( 'NONE',  #1517 ) ;
#1631 = ORIENTED_EDGE ( 'NONE', *, *, #947, .F. ) ;
#1632 = LINE ( 'NONE', #379, #1214 ) ;
#1633 = ORIENTED_EDGE ( 'NONE', *, *, #492, .T. ) ;
#1634 = EDGE_CURVE ( 'NONE', #85, #329, #139, .T. ) ;
#1635 = MANIFOLD_SOLID_BREP ( 'Split1[7]', #705 ) ;
#1636 = DIRECTION ( 'NONE',  ( 0.000000000000000000, 1.000000000000000000, 0.000000000000000000 ) ) ;
#1637 = FACE_BOUND ( 'NONE', #1382, .T. ) ;
#1638 = ORIENTED_EDGE ( 'NONE', *, *, #287, .F. ) ;
#1639 =( LENGTH_UNIT ( ) NAMED_UNIT ( * ) SI_UNIT ( .MILLI., .METRE. ) );
#1640 = AXIS2_PLACEMENT_3D ( 'NONE', #214, #1270, #105 ) ;
#1641 = EDGE_LOOP ( 'NONE', ( #1117, #245 ) ) ;
#1642 = LINE ( 'NONE', #81, #643 ) ;
#1643 = CARTESIAN_POINT ( 'NONE',  ( 9.320000000000000284, 12.69999999999999929, -21.39999999999999858 ) ) ;
#1644 = EDGE_CURVE ( 'NONE', #1412, #919, #1259, .T. ) ;
#1645 = DIRECTION ( 'NONE',  ( 0.000000000000000000, 0.2187114569174004874, 0.9757895770160019966 ) ) ;
#1646 = ORIENTED_EDGE ( 'NONE', *, *, #1583, .T. ) ;
#1647 = CARTESIAN_POINT ( 'NONE',  ( -6.429999999999999716, 0.000000000000000000, 0.000000000000000000 ) ) ;
#1648 = AXIS2_PLACEMENT_3D ( 'NONE', #127, #11, #261 ) ;
#1649 = CARTESIAN_POINT ( 'NONE',  ( 0.000000000000000000, 6.500000000000000000, -21.22361162513000110 ) ) ;
#1650 = CARTESIAN_POINT ( 'NONE',  ( 0.000000000000000000, 10.65000000000000036, -21.39999999999999858 ) ) ;
#1651 = PLANE ( 'NONE',  #540 ) ;
#1652 = AXIS2_PLACEMENT_3D ( 'NONE', #948, #318, #962 ) ;
#1653 = EDGE_CURVE ( 'NONE', #798, #497, #1254, .T. ) ;
#1654 = DIRECTION ( 'NONE',  ( 0.000000000000000000, 0.000000000000000000, 1.000000000000000000 ) ) ;
#1655 = CLOSED_SHELL ( 'NONE', ( #1247, #1014, #1193, #1272 ) ) ;
#1656 = DIRECTION ( 'NONE',  ( 0.000000000000000000, 0.000000000000000000, -1.000000000000000000 ) ) ;
#1657 = DIRECTION ( 'NONE',  ( 0.000000000000000000, -1.000000000000000000, 0.000000000000000000 ) ) ;
#1658 = AXIS2_PLACEMENT_3D ( 'NONE', #62, #1087, #586 ) ;
#1659 = ORIENTED_EDGE ( 'NONE', *, *, #1206, .F. ) ;
#1660 = DIRECTION ( 'NONE',  ( 0.000000000000000000, 0.000000000000000000, 1.000000000000000000 ) ) ;
#1661 = CARTESIAN_POINT ( 'NONE',  ( 7.230000000000000426, 0.000000000000000000, -4.250000000000000000 ) ) ;
#1662 = VERTEX_POINT ( 'NONE', #377 ) ;
#1663 = CARTESIAN_POINT ( 'NONE',  ( 0.000000000000000000, 0.000000000000000000, 0.000000000000000000 ) ) ;
#1664 = CARTESIAN_POINT ( 'NONE',  ( 0.000000000000000000, -4.000000000000000000, 0.000000000000000000 ) ) ;
#1665 =( NAMED_UNIT ( * ) SI_UNIT ( $, .STERADIAN. ) SOLID_ANGLE_UNIT ( ) );
#1666 = ADVANCED_FACE ( 'NONE', ( #1039 ), #1294, .F. ) ;
#1667 = CIRCLE ( 'NONE', #342, 0.7499999999999997780 ) ;
#1668 = CIRCLE ( 'NONE', #768, 0.7500000000000006661 ) ;
#1669 = CARTESIAN_POINT ( 'NONE',  ( 0.000000000000000000, 6.500000000000000000, 4.168023595216000743 ) ) ;
#1670 = DIRECTION ( 'NONE',  ( 0.000000000000000000, 0.000000000000000000, -1.000000000000000000 ) ) ;
#1671 = NEXT_ASSEMBLY_USAGE_OCCURRENCE ( 'NAUO1', ' ', ' ', #1316, #511, $ ) ;
ENDSEC;
END-ISO-10303-21;
